season,player_name,position,team,espn_rank,pct_championship_rosters,adp_overall,draft_status,season_ppr_points,espn_category,narrative_label,explicitly_named_league_winner,reasoning_paraphrase,inclusion_rule,coverage_type,article_title,article_author,article_publication_date,article_url,extraction_confidence,ambiguity_notes
2025,Puka Nacua,WR,LAR,1,29.1,11.6,drafted,349.0,on_champion_roster_ranked_table,,No,,Top 50,fixed_rank_cap,Puka Nacua leads list of players on most 2025 fantasy football championship rosters,Tristan H. Cockcroft,2025-12-30,https://www.espn.com/fantasy/football/story/_/id/47454522/2025-fantasy-football,high,
2025,Jaxon Smith-Njigba,WR,SEA,2,25.2,39.1,drafted,345.5,on_champion_roster_ranked_table,"dominant, consistent campaign",No,"dominant, consistent campaign",Top 50,fixed_rank_cap,Puka Nacua leads list of players on most 2025 fantasy football championship rosters,Tristan H. Cockcroft,2025-12-30,https://www.espn.com/fantasy/football/story/_/id/47454522/2025-fantasy-football,high,
2025,Bijan Robinson,RB,ATL,3,23.8,2.8,drafted,363.5,on_champion_roster_ranked_table,"stellar regular season, explosive playoff finish",No,"stellar regular season, explosive playoff finish",Top 50,fixed_rank_cap,Puka Nacua leads list of players on most 2025 fantasy football championship rosters,Tristan H. Cockcroft,2025-12-30,https://www.espn.com/fantasy/football/story/_/id/47454522/2025-fantasy-football,high,
2025,Trey McBride,TE,ARI,4,22.4,27.1,drafted,302.4,on_champion_roster_ranked_table,,No,,Top 50,fixed_rank_cap,Puka Nacua leads list of players on most 2025 fantasy football championship rosters,Tristan H. Cockcroft,2025-12-30,https://www.espn.com/fantasy/football/story/_/id/47454522/2025-fantasy-football,high,
2025,Christian McCaffrey,RB,SF,5,20.1,7.2,drafted,404.9,on_champion_roster_ranked_table,,No,,Top 50,fixed_rank_cap,Puka Nacua leads list of players on most 2025 fantasy football championship rosters,Tristan H. Cockcroft,2025-12-30,https://www.espn.com/fantasy/football/story/_/id/47454522/2025-fantasy-football,high,
2025,Brandon Aubrey,K,DAL,6,18.7,117.0,drafted,180.6,on_champion_roster_ranked_table,rare kicker on >15% of championship rosters in past 7 seasons,No,rare kicker on >15% of championship rosters in past 7 seasons,Top 50,fixed_rank_cap,Puka Nacua leads list of players on most 2025 fantasy football championship rosters,Tristan H. Cockcroft,2025-12-30,https://www.espn.com/fantasy/football/story/_/id/47454522/2025-fantasy-football,high,"Position is D/ST or K -- outside this project's QB/RB/WR/TE scope, kept for provenance, not for matching against our master DB."
2025,James Cook III,RB,BUF,7,18.2,32.4,drafted,300.7,on_champion_roster_ranked_table,,No,,Top 50,fixed_rank_cap,Puka Nacua leads list of players on most 2025 fantasy football championship rosters,Tristan H. Cockcroft,2025-12-30,https://www.espn.com/fantasy/football/story/_/id/47454522/2025-fantasy-football,high,
2025,Drake Maye,QB,NE,8,18.0,125.1,drafted,336.22,on_champion_roster_ranked_table,breakthrough performer,No,breakthrough performer,Top 50,fixed_rank_cap,Puka Nacua leads list of players on most 2025 fantasy football championship rosters,Tristan H. Cockcroft,2025-12-30,https://www.espn.com/fantasy/football/story/_/id/47454522/2025-fantasy-football,high,
2025,Michael Wilson,WR,ARI,9,17.4,,undrafted,199.7,on_champion_roster_ranked_table,waiver-wire gem,No,waiver-wire gem,Top 50,fixed_rank_cap,Puka Nacua leads list of players on most 2025 fantasy football championship rosters,Tristan H. Cockcroft,2025-12-30,https://www.espn.com/fantasy/football/story/_/id/47454522/2025-fantasy-football,high,
2025,Chase Brown,RB,CIN,10,17.1,25.7,drafted,263.6,on_champion_roster_ranked_table,,No,,Top 50,fixed_rank_cap,Puka Nacua leads list of players on most 2025 fantasy football championship rosters,Tristan H. Cockcroft,2025-12-30,https://www.espn.com/fantasy/football/story/_/id/47454522/2025-fantasy-football,high,
2025,Jonathan Taylor,RB,IND,11,16.9,18.3,drafted,356.4,on_champion_roster_ranked_table,,No,,Top 50,fixed_rank_cap,Puka Nacua leads list of players on most 2025 fantasy football championship rosters,Tristan H. Cockcroft,2025-12-30,https://www.espn.com/fantasy/football/story/_/id/47454522/2025-fantasy-football,high,
2025,De'Von Achane,RB,MIA,12,16.7,16.4,drafted,322.8,on_champion_roster_ranked_table,,No,,Top 50,fixed_rank_cap,Puka Nacua leads list of players on most 2025 fantasy football championship rosters,Tristan H. Cockcroft,2025-12-30,https://www.espn.com/fantasy/football/story/_/id/47454522/2025-fantasy-football,high,
2025,Josh Allen,QB,BUF,13,16.3,20.6,drafted,364.62,on_champion_roster_ranked_table,,No,,Top 50,fixed_rank_cap,Puka Nacua leads list of players on most 2025 fantasy football championship rosters,Tristan H. Cockcroft,2025-12-30,https://www.espn.com/fantasy/football/story/_/id/47454522/2025-fantasy-football,high,
2025,Chris Olave,WR,NO,14,15.8,97.0,drafted,268.0,on_champion_roster_ranked_table,,No,,Top 50,fixed_rank_cap,Puka Nacua leads list of players on most 2025 fantasy football championship rosters,Tristan H. Cockcroft,2025-12-30,https://www.espn.com/fantasy/football/story/_/id/47454522/2025-fantasy-football,high,
2025,Matthew Stafford,QB,LAR,15,15.7,159.9,drafted,323.72,on_champion_roster_ranked_table,,No,,Top 50,fixed_rank_cap,Puka Nacua leads list of players on most 2025 fantasy football championship rosters,Tristan H. Cockcroft,2025-12-30,https://www.espn.com/fantasy/football/story/_/id/47454522/2025-fantasy-football,high,
2025,Rico Dowdle,RB,CAR,16,15.5,,undrafted,213.3,on_champion_roster_ranked_table,,No,,Top 50,fixed_rank_cap,Puka Nacua leads list of players on most 2025 fantasy football championship rosters,Tristan H. Cockcroft,2025-12-30,https://www.espn.com/fantasy/football/story/_/id/47454522/2025-fantasy-football,high,
2025,Amon-Ra St. Brown,WR,DET,17,15.3,11.3,drafted,299.1,on_champion_roster_ranked_table,,No,,Top 50,fixed_rank_cap,Puka Nacua leads list of players on most 2025 fantasy football championship rosters,Tristan H. Cockcroft,2025-12-30,https://www.espn.com/fantasy/football/story/_/id/47454522/2025-fantasy-football,high,
2025,Texans D/ST,D/ST,HOU,18,15.2,117.3,drafted,162.0,on_champion_roster_ranked_table,,No,,Top 50,fixed_rank_cap,Puka Nacua leads list of players on most 2025 fantasy football championship rosters,Tristan H. Cockcroft,2025-12-30,https://www.espn.com/fantasy/football/story/_/id/47454522/2025-fantasy-football,high,"Position is D/ST or K -- outside this project's QB/RB/WR/TE scope, kept for provenance, not for matching against our master DB."
2025,Kyle Pitts Sr.,TE,ATL,19,14.9,144.2,drafted,199.0,on_champion_roster_ranked_table,,No,,Top 50,fixed_rank_cap,Puka Nacua leads list of players on most 2025 fantasy football championship rosters,Tristan H. Cockcroft,2025-12-30,https://www.espn.com/fantasy/football/story/_/id/47454522/2025-fantasy-football,high,
2025,Broncos D/ST,D/ST,DEN,20,14.6,100.5,drafted,124.0,on_champion_roster_ranked_table,,No,,Top 50,fixed_rank_cap,Puka Nacua leads list of players on most 2025 fantasy football championship rosters,Tristan H. Cockcroft,2025-12-30,https://www.espn.com/fantasy/football/story/_/id/47454522/2025-fantasy-football,high,"Position is D/ST or K -- outside this project's QB/RB/WR/TE scope, kept for provenance, not for matching against our master DB."
2025,Kyren Williams,RB,LAR,21,14.4,30.7,drafted,252.2,on_champion_roster_ranked_table,,No,,Top 50,fixed_rank_cap,Puka Nacua leads list of players on most 2025 fantasy football championship rosters,Tristan H. Cockcroft,2025-12-30,https://www.espn.com/fantasy/football/story/_/id/47454522/2025-fantasy-football,high,
2025,Jahmyr Gibbs,RB,DET,22,14.4,5.2,drafted,346.6,on_champion_roster_ranked_table,led this list last season (29.0%); no worse than 22nd in each of first 3 seasons,No,led this list last season (29.0%); no worse than 22nd in each of first 3 seasons,Top 50,fixed_rank_cap,Puka Nacua leads list of players on most 2025 fantasy football championship rosters,Tristan H. Cockcroft,2025-12-30,https://www.espn.com/fantasy/football/story/_/id/47454522/2025-fantasy-football,high,
2025,Ja'Marr Chase,WR,CIN,23,14.3,1.5,drafted,290.0,on_champion_roster_ranked_table,,No,,Top 50,fixed_rank_cap,Puka Nacua leads list of players on most 2025 fantasy football championship rosters,Tristan H. Cockcroft,2025-12-30,https://www.espn.com/fantasy/football/story/_/id/47454522/2025-fantasy-football,high,
2025,George Pickens,WR,DAL,24,14.3,75.9,drafted,290.0,on_champion_roster_ranked_table,,No,,Top 50,fixed_rank_cap,Puka Nacua leads list of players on most 2025 fantasy football championship rosters,Tristan H. Cockcroft,2025-12-30,https://www.espn.com/fantasy/football/story/_/id/47454522/2025-fantasy-football,high,
2025,Harold Fannin Jr.,TE,CLE,25,14.1,169.9,drafted,186.4,on_champion_roster_ranked_table,,No,,Top 50,fixed_rank_cap,Puka Nacua leads list of players on most 2025 fantasy football championship rosters,Tristan H. Cockcroft,2025-12-30,https://www.espn.com/fantasy/football/story/_/id/47454522/2025-fantasy-football,high,
2025,Derrick Henry,RB,BAL,26,13.9,14.7,drafted,266.9,on_champion_roster_ranked_table,,No,,Top 50,fixed_rank_cap,Puka Nacua leads list of players on most 2025 fantasy football championship rosters,Tristan H. Cockcroft,2025-12-30,https://www.espn.com/fantasy/football/story/_/id/47454522/2025-fantasy-football,high,
2025,George Kittle,TE,SF,27,13.6,36.9,drafted,153.6,on_champion_roster_ranked_table,,No,,Top 50,fixed_rank_cap,Puka Nacua leads list of players on most 2025 fantasy football championship rosters,Tristan H. Cockcroft,2025-12-30,https://www.espn.com/fantasy/football/story/_/id/47454522/2025-fantasy-football,high,
2025,Travis Etienne Jr.,RB,JAX,28,13.5,126.3,drafted,249.1,on_champion_roster_ranked_table,,No,,Top 50,fixed_rank_cap,Puka Nacua leads list of players on most 2025 fantasy football championship rosters,Tristan H. Cockcroft,2025-12-30,https://www.espn.com/fantasy/football/story/_/id/47454522/2025-fantasy-football,high,
2025,Jason Myers,K,SEA,29,13.5,,undrafted,189.0,on_champion_roster_ranked_table,,No,,Top 50,fixed_rank_cap,Puka Nacua leads list of players on most 2025 fantasy football championship rosters,Tristan H. Cockcroft,2025-12-30,https://www.espn.com/fantasy/football/story/_/id/47454522/2025-fantasy-football,high,"Position is D/ST or K -- outside this project's QB/RB/WR/TE scope, kept for provenance, not for matching against our master DB."
2025,Seahawks D/ST,D/ST,SEA,30,13.4,143.6,drafted,173.0,on_champion_roster_ranked_table,,No,,Top 50,fixed_rank_cap,Puka Nacua leads list of players on most 2025 fantasy football championship rosters,Tristan H. Cockcroft,2025-12-30,https://www.espn.com/fantasy/football/story/_/id/47454522/2025-fantasy-football,high,"Position is D/ST or K -- outside this project's QB/RB/WR/TE scope, kept for provenance, not for matching against our master DB."
2025,Cameron Dicker,K,LAC,31,13.0,125.3,drafted,164.0,on_champion_roster_ranked_table,,No,,Top 50,fixed_rank_cap,Puka Nacua leads list of players on most 2025 fantasy football championship rosters,Tristan H. Cockcroft,2025-12-30,https://www.espn.com/fantasy/football/story/_/id/47454522/2025-fantasy-football,high,"Position is D/ST or K -- outside this project's QB/RB/WR/TE scope, kept for provenance, not for matching against our master DB."
2025,Nico Collins,WR,HOU,32,12.7,15.2,drafted,226.2,on_champion_roster_ranked_table,,No,,Top 50,fixed_rank_cap,Puka Nacua leads list of players on most 2025 fantasy football championship rosters,Tristan H. Cockcroft,2025-12-30,https://www.espn.com/fantasy/football/story/_/id/47454522/2025-fantasy-football,high,
2025,Wan'Dale Robinson,WR,NYG,33,12.6,163.4,drafted,217.9,on_champion_roster_ranked_table,,No,,Top 50,fixed_rank_cap,Puka Nacua leads list of players on most 2025 fantasy football championship rosters,Tristan H. Cockcroft,2025-12-30,https://www.espn.com/fantasy/football/story/_/id/47454522/2025-fantasy-football,high,
2025,Courtland Sutton,WR,DEN,34,12.5,64.2,drafted,218.2,on_champion_roster_ranked_table,,No,,Top 50,fixed_rank_cap,Puka Nacua leads list of players on most 2025 fantasy football championship rosters,Tristan H. Cockcroft,2025-12-30,https://www.espn.com/fantasy/football/story/_/id/47454522/2025-fantasy-football,high,
2025,Javonte Williams,RB,DAL,35,12.5,114.5,drafted,242.8,on_champion_roster_ranked_table,,No,,Top 50,fixed_rank_cap,Puka Nacua leads list of players on most 2025 fantasy football championship rosters,Tristan H. Cockcroft,2025-12-30,https://www.espn.com/fantasy/football/story/_/id/47454522/2025-fantasy-football,high,
2025,Jake Ferguson,TE,DAL,36,12.3,140.5,drafted,186.6,on_champion_roster_ranked_table,,No,,Top 50,fixed_rank_cap,Puka Nacua leads list of players on most 2025 fantasy football championship rosters,Tristan H. Cockcroft,2025-12-30,https://www.espn.com/fantasy/football/story/_/id/47454522/2025-fantasy-football,high,
2025,Tyler Warren,TE,IND,37,12.3,100.3,drafted,180.9,on_champion_roster_ranked_table,,No,,Top 50,fixed_rank_cap,Puka Nacua leads list of players on most 2025 fantasy football championship rosters,Tristan H. Cockcroft,2025-12-30,https://www.espn.com/fantasy/football/story/_/id/47454522/2025-fantasy-football,high,
2025,Dak Prescott,QB,DAL,38,12.2,113.4,drafted,313.08,on_champion_roster_ranked_table,,No,,Top 50,fixed_rank_cap,Puka Nacua leads list of players on most 2025 fantasy football championship rosters,Tristan H. Cockcroft,2025-12-30,https://www.espn.com/fantasy/football/story/_/id/47454522/2025-fantasy-football,high,
2025,Mike Evans,WR,TB,39,12.2,50.5,drafted,79.4,on_champion_roster_ranked_table,,No,,Top 50,fixed_rank_cap,Puka Nacua leads list of players on most 2025 fantasy football championship rosters,Tristan H. Cockcroft,2025-12-30,https://www.espn.com/fantasy/football/story/_/id/47454522/2025-fantasy-football,high,
2025,Zay Flowers,WR,BAL,40,11.9,60.7,drafted,213.5,on_champion_roster_ranked_table,,No,,Top 50,fixed_rank_cap,Puka Nacua leads list of players on most 2025 fantasy football championship rosters,Tristan H. Cockcroft,2025-12-30,https://www.espn.com/fantasy/football/story/_/id/47454522/2025-fantasy-football,high,
2025,Kenneth Gainwell,RB,PIT,41,11.8,,undrafted,199.9,on_champion_roster_ranked_table,,No,,Top 50,fixed_rank_cap,Puka Nacua leads list of players on most 2025 fantasy football championship rosters,Tristan H. Cockcroft,2025-12-30,https://www.espn.com/fantasy/football/story/_/id/47454522/2025-fantasy-football,high,
2025,Dallas Goedert,TE,PHI,42,11.6,133.3,drafted,185.1,on_champion_roster_ranked_table,,No,,Top 50,fixed_rank_cap,Puka Nacua leads list of players on most 2025 fantasy football championship rosters,Tristan H. Cockcroft,2025-12-30,https://www.espn.com/fantasy/football/story/_/id/47454522/2025-fantasy-football,high,
2025,Joe Burrow,QB,CIN,43,11.5,34.1,drafted,113.32,on_champion_roster_ranked_table,,No,,Top 50,fixed_rank_cap,Puka Nacua leads list of players on most 2025 fantasy football championship rosters,Tristan H. Cockcroft,2025-12-30,https://www.espn.com/fantasy/football/story/_/id/47454522/2025-fantasy-football,high,
2025,RJ Harvey,RB,DEN,44,11.3,81.8,drafted,202.3,on_champion_roster_ranked_table,,No,,Top 50,fixed_rank_cap,Puka Nacua leads list of players on most 2025 fantasy football championship rosters,Tristan H. Cockcroft,2025-12-30,https://www.espn.com/fantasy/football/story/_/id/47454522/2025-fantasy-football,high,
2025,Patriots D/ST,D/ST,NE,45,11.3,156.9,drafted,119.0,on_champion_roster_ranked_table,,No,,Top 50,fixed_rank_cap,Puka Nacua leads list of players on most 2025 fantasy football championship rosters,Tristan H. Cockcroft,2025-12-30,https://www.espn.com/fantasy/football/story/_/id/47454522/2025-fantasy-football,high,"Position is D/ST or K -- outside this project's QB/RB/WR/TE scope, kept for provenance, not for matching against our master DB."
2025,Rashee Rice,WR,KC,46,11.0,88.1,drafted,150.1,on_champion_roster_ranked_table,,No,,Top 50,fixed_rank_cap,Puka Nacua leads list of players on most 2025 fantasy football championship rosters,Tristan H. Cockcroft,2025-12-30,https://www.espn.com/fantasy/football/story/_/id/47454522/2025-fantasy-football,high,
2025,Omarion Hampton,RB,LAC,47,11.0,40.7,drafted,135.7,on_champion_roster_ranked_table,,No,,Top 50,fixed_rank_cap,Puka Nacua leads list of players on most 2025 fantasy football championship rosters,Tristan H. Cockcroft,2025-12-30,https://www.espn.com/fantasy/football/story/_/id/47454522/2025-fantasy-football,high,
2025,A.J. Brown,WR,PHI,48,11.0,18.6,drafted,220.3,on_champion_roster_ranked_table,,No,,Top 50,fixed_rank_cap,Puka Nacua leads list of players on most 2025 fantasy football championship rosters,Tristan H. Cockcroft,2025-12-30,https://www.espn.com/fantasy/football/story/_/id/47454522/2025-fantasy-football,high,
2025,Emeka Egbuka,WR,TB,49,10.9,90.8,drafted,193.9,on_champion_roster_ranked_table,,No,,Top 50,fixed_rank_cap,Puka Nacua leads list of players on most 2025 fantasy football championship rosters,Tristan H. Cockcroft,2025-12-30,https://www.espn.com/fantasy/football/story/_/id/47454522/2025-fantasy-football,high,
2025,Drake London,WR,ATL,50,10.8,22.3,drafted,184.1,on_champion_roster_ranked_table,,No,,Top 50,fixed_rank_cap,Puka Nacua leads list of players on most 2025 fantasy football championship rosters,Tristan H. Cockcroft,2025-12-30,https://www.espn.com/fantasy/football/story/_/id/47454522/2025-fantasy-football,high,
2024,Jahmyr Gibbs,RB,DET,1,29.0,16.0,drafted,362.9,on_champion_roster_ranked_table,,No,,Top 50,fixed_rank_cap,Jahmyr Gibbs leads list of most common players on ESPN fantasy football championship rosters,Tristan H. Cockcroft,2025-01-06,https://www.espn.com/fantasy/football/story/_/id/43260187/fantasy-football-2024-most-common-players-championship-rosters,high,
2024,Ja'Marr Chase,WR,CIN,2,21.5,8.0,drafted,403.0,on_champion_roster_ranked_table,,No,,Top 50,fixed_rank_cap,Jahmyr Gibbs leads list of most common players on ESPN fantasy football championship rosters,Tristan H. Cockcroft,2025-01-06,https://www.espn.com/fantasy/football/story/_/id/43260187/fantasy-football-2024-most-common-players-championship-rosters,high,
2024,Lamar Jackson,QB,BAL,3,20.8,35.4,drafted,430.38,on_champion_roster_ranked_table,,No,,Top 50,fixed_rank_cap,Jahmyr Gibbs leads list of most common players on ESPN fantasy football championship rosters,Tristan H. Cockcroft,2025-01-06,https://www.espn.com/fantasy/football/story/_/id/43260187/fantasy-football-2024-most-common-players-championship-rosters,high,
2024,Bucky Irving,RB,TB,4,19.3,167.5,drafted,244.4,on_champion_roster_ranked_table,in-season pickup that stood above the rest for championship contributions,No,in-season pickup that stood above the rest for championship contributions,Top 50,fixed_rank_cap,Jahmyr Gibbs leads list of most common players on ESPN fantasy football championship rosters,Tristan H. Cockcroft,2025-01-06,https://www.espn.com/fantasy/football/story/_/id/43260187/fantasy-football-2024-most-common-players-championship-rosters,high,
2024,Brock Bowers,TE,LV,5,19.1,115.7,drafted,262.7,on_champion_roster_ranked_table,record-setting rookie season; No. 1 TE on playoff/finalist/championship rosters,No,record-setting rookie season; No. 1 TE on playoff/finalist/championship rosters,Top 50,fixed_rank_cap,Jahmyr Gibbs leads list of most common players on ESPN fantasy football championship rosters,Tristan H. Cockcroft,2025-01-06,https://www.espn.com/fantasy/football/story/_/id/43260187/fantasy-football-2024-most-common-players-championship-rosters,high,
2024,Trey McBride,TE,ARI,6,18.7,54.0,drafted,249.8,on_champion_roster_ranked_table,,No,,Top 50,fixed_rank_cap,Jahmyr Gibbs leads list of most common players on ESPN fantasy football championship rosters,Tristan H. Cockcroft,2025-01-06,https://www.espn.com/fantasy/football/story/_/id/43260187/fantasy-football-2024-most-common-players-championship-rosters,high,
2024,Bijan Robinson,RB,ATL,7,18.6,3.7,drafted,341.7,on_champion_roster_ranked_table,,No,,Top 50,fixed_rank_cap,Jahmyr Gibbs leads list of most common players on ESPN fantasy football championship rosters,Tristan H. Cockcroft,2025-01-06,https://www.espn.com/fantasy/football/story/_/id/43260187/fantasy-football-2024-most-common-players-championship-rosters,high,
2024,Amon-Ra St. Brown,WR,DET,8,18.1,7.0,drafted,316.18,on_champion_roster_ranked_table,,No,,Top 50,fixed_rank_cap,Jahmyr Gibbs leads list of most common players on ESPN fantasy football championship rosters,Tristan H. Cockcroft,2025-01-06,https://www.espn.com/fantasy/football/story/_/id/43260187/fantasy-football-2024-most-common-players-championship-rosters,high,
2024,Brian Thomas Jr.,WR,JAX,9,18.0,121.5,drafted,284.0,on_champion_roster_ranked_table,,No,,Top 50,fixed_rank_cap,Jahmyr Gibbs leads list of most common players on ESPN fantasy football championship rosters,Tristan H. Cockcroft,2025-01-06,https://www.espn.com/fantasy/football/story/_/id/43260187/fantasy-football-2024-most-common-players-championship-rosters,high,
2024,Malik Nabers,WR,NYG,10,17.7,42.8,drafted,273.6,on_champion_roster_ranked_table,,No,,Top 50,fixed_rank_cap,Jahmyr Gibbs leads list of most common players on ESPN fantasy football championship rosters,Tristan H. Cockcroft,2025-01-06,https://www.espn.com/fantasy/football/story/_/id/43260187/fantasy-football-2024-most-common-players-championship-rosters,high,
2024,Derrick Henry,RB,BAL,11,17.6,20.7,drafted,336.4,on_champion_roster_ranked_table,,No,,Top 50,fixed_rank_cap,Jahmyr Gibbs leads list of most common players on ESPN fantasy football championship rosters,Tristan H. Cockcroft,2025-01-06,https://www.espn.com/fantasy/football/story/_/id/43260187/fantasy-football-2024-most-common-players-championship-rosters,high,
2024,Eagles D/ST,D/ST,PHI,12,17.0,166.9,drafted,138.0,on_champion_roster_ranked_table,,No,,Top 50,fixed_rank_cap,Jahmyr Gibbs leads list of most common players on ESPN fantasy football championship rosters,Tristan H. Cockcroft,2025-01-06,https://www.espn.com/fantasy/football/story/_/id/43260187/fantasy-football-2024-most-common-players-championship-rosters,high,"Position is D/ST or K -- outside this project's QB/RB/WR/TE scope, kept for provenance, not for matching against our master DB."
2024,De'Von Achane,RB,MIA,13,17.0,42.1,drafted,299.9,on_champion_roster_ranked_table,,No,,Top 50,fixed_rank_cap,Jahmyr Gibbs leads list of most common players on ESPN fantasy football championship rosters,Tristan H. Cockcroft,2025-01-06,https://www.espn.com/fantasy/football/story/_/id/43260187/fantasy-football-2024-most-common-players-championship-rosters,high,
2024,Jonnu Smith,TE,MIA,14,16.8,,undrafted,222.3,on_champion_roster_ranked_table,in-season pickup that stood above the rest for championship contributions,No,in-season pickup that stood above the rest for championship contributions,Top 50,fixed_rank_cap,Jahmyr Gibbs leads list of most common players on ESPN fantasy football championship rosters,Tristan H. Cockcroft,2025-01-06,https://www.espn.com/fantasy/football/story/_/id/43260187/fantasy-football-2024-most-common-players-championship-rosters,high,
2024,Mike Evans,WR,TB,15,16.7,25.6,drafted,240.4,on_champion_roster_ranked_table,,No,,Top 50,fixed_rank_cap,Jahmyr Gibbs leads list of most common players on ESPN fantasy football championship rosters,Tristan H. Cockcroft,2025-01-06,https://www.espn.com/fantasy/football/story/_/id/43260187/fantasy-football-2024-most-common-players-championship-rosters,high,
2024,Jayden Daniels,QB,WAS,16,16.4,109.7,drafted,355.82,on_champion_roster_ranked_table,,No,,Top 50,fixed_rank_cap,Jahmyr Gibbs leads list of most common players on ESPN fantasy football championship rosters,Tristan H. Cockcroft,2025-01-06,https://www.espn.com/fantasy/football/story/_/id/43260187/fantasy-football-2024-most-common-players-championship-rosters,high,
2024,Baker Mayfield,QB,TB,17,16.4,164.2,drafted,365.8,on_champion_roster_ranked_table,,No,,Top 50,fixed_rank_cap,Jahmyr Gibbs leads list of most common players on ESPN fantasy football championship rosters,Tristan H. Cockcroft,2025-01-06,https://www.espn.com/fantasy/football/story/_/id/43260187/fantasy-football-2024-most-common-players-championship-rosters,high,
2024,Justin Jefferson,WR,MIN,18,16.3,8.6,drafted,317.48,on_champion_roster_ranked_table,,No,,Top 50,fixed_rank_cap,Jahmyr Gibbs leads list of most common players on ESPN fantasy football championship rosters,Tristan H. Cockcroft,2025-01-06,https://www.espn.com/fantasy/football/story/_/id/43260187/fantasy-football-2024-most-common-players-championship-rosters,high,
2024,Ravens D/ST,D/ST,BAL,19,16.2,108.9,drafted,106.0,on_champion_roster_ranked_table,,No,,Top 50,fixed_rank_cap,Jahmyr Gibbs leads list of most common players on ESPN fantasy football championship rosters,Tristan H. Cockcroft,2025-01-06,https://www.espn.com/fantasy/football/story/_/id/43260187/fantasy-football-2024-most-common-players-championship-rosters,high,"Position is D/ST or K -- outside this project's QB/RB/WR/TE scope, kept for provenance, not for matching against our master DB."
2024,Jonathan Taylor,RB,IND,20,15.9,10.7,drafted,244.7,on_champion_roster_ranked_table,,No,,Top 50,fixed_rank_cap,Jahmyr Gibbs leads list of most common players on ESPN fantasy football championship rosters,Tristan H. Cockcroft,2025-01-06,https://www.espn.com/fantasy/football/story/_/id/43260187/fantasy-football-2024-most-common-players-championship-rosters,high,
2024,Broncos D/ST,D/ST,DEN,21,15.6,169.5,drafted,166.0,on_champion_roster_ranked_table,,No,,Top 50,fixed_rank_cap,Jahmyr Gibbs leads list of most common players on ESPN fantasy football championship rosters,Tristan H. Cockcroft,2025-01-06,https://www.espn.com/fantasy/football/story/_/id/43260187/fantasy-football-2024-most-common-players-championship-rosters,high,"Position is D/ST or K -- outside this project's QB/RB/WR/TE scope, kept for provenance, not for matching against our master DB."
2024,Josh Jacobs,RB,GB,22,15.5,34.1,drafted,293.1,on_champion_roster_ranked_table,,No,,Top 50,fixed_rank_cap,Jahmyr Gibbs leads list of most common players on ESPN fantasy football championship rosters,Tristan H. Cockcroft,2025-01-06,https://www.espn.com/fantasy/football/story/_/id/43260187/fantasy-football-2024-most-common-players-championship-rosters,high,
2024,Tee Higgins,WR,CIN,23,15.4,65.1,drafted,222.1,on_champion_roster_ranked_table,,No,,Top 50,fixed_rank_cap,Jahmyr Gibbs leads list of most common players on ESPN fantasy football championship rosters,Tristan H. Cockcroft,2025-01-06,https://www.espn.com/fantasy/football/story/_/id/43260187/fantasy-football-2024-most-common-players-championship-rosters,high,
2024,Saquon Barkley,RB,PHI,24,15.2,10.8,drafted,355.3,on_champion_roster_ranked_table,,No,,Top 50,fixed_rank_cap,Jahmyr Gibbs leads list of most common players on ESPN fantasy football championship rosters,Tristan H. Cockcroft,2025-01-06,https://www.espn.com/fantasy/football/story/_/id/43260187/fantasy-football-2024-most-common-players-championship-rosters,high,
2024,Davante Adams,WR,NYJ,25,15.0,27.4,drafted,241.3,on_champion_roster_ranked_table,,No,,Top 50,fixed_rank_cap,Jahmyr Gibbs leads list of most common players on ESPN fantasy football championship rosters,Tristan H. Cockcroft,2025-01-06,https://www.espn.com/fantasy/football/story/_/id/43260187/fantasy-football-2024-most-common-players-championship-rosters,high,
2024,Joe Burrow,QB,CIN,26,14.8,55.3,drafted,372.82,on_champion_roster_ranked_table,,No,,Top 50,fixed_rank_cap,Jahmyr Gibbs leads list of most common players on ESPN fantasy football championship rosters,Tristan H. Cockcroft,2025-01-06,https://www.espn.com/fantasy/football/story/_/id/43260187/fantasy-football-2024-most-common-players-championship-rosters,high,
2024,Chase McLaughlin,K,TB,27,14.3,,undrafted,162.0,on_champion_roster_ranked_table,,No,,Top 50,fixed_rank_cap,Jahmyr Gibbs leads list of most common players on ESPN fantasy football championship rosters,Tristan H. Cockcroft,2025-01-06,https://www.espn.com/fantasy/football/story/_/id/43260187/fantasy-football-2024-most-common-players-championship-rosters,high,"Position is D/ST or K -- outside this project's QB/RB/WR/TE scope, kept for provenance, not for matching against our master DB."
2024,Drake London,WR,ATL,28,14.1,34.7,drafted,280.8,on_champion_roster_ranked_table,,No,,Top 50,fixed_rank_cap,Jahmyr Gibbs leads list of most common players on ESPN fantasy football championship rosters,Tristan H. Cockcroft,2025-01-06,https://www.espn.com/fantasy/football/story/_/id/43260187/fantasy-football-2024-most-common-players-championship-rosters,high,
2024,Jake Bates,K,DET,29,13.8,168.7,drafted,158.0,on_champion_roster_ranked_table,,No,,Top 50,fixed_rank_cap,Jahmyr Gibbs leads list of most common players on ESPN fantasy football championship rosters,Tristan H. Cockcroft,2025-01-06,https://www.espn.com/fantasy/football/story/_/id/43260187/fantasy-football-2024-most-common-players-championship-rosters,high,"Position is D/ST or K -- outside this project's QB/RB/WR/TE scope, kept for provenance, not for matching against our master DB."
2024,Chase Brown,RB,CIN,30,13.7,122.6,drafted,255.0,on_champion_roster_ranked_table,,No,,Top 50,fixed_rank_cap,Jahmyr Gibbs leads list of most common players on ESPN fantasy football championship rosters,Tristan H. Cockcroft,2025-01-06,https://www.espn.com/fantasy/football/story/_/id/43260187/fantasy-football-2024-most-common-players-championship-rosters,high,
2024,George Kittle,TE,SF,31,13.5,54.6,drafted,236.6,on_champion_roster_ranked_table,,No,,Top 50,fixed_rank_cap,Jahmyr Gibbs leads list of most common players on ESPN fantasy football championship rosters,Tristan H. Cockcroft,2025-01-06,https://www.espn.com/fantasy/football/story/_/id/43260187/fantasy-football-2024-most-common-players-championship-rosters,high,
2024,Michael Carter,RB,ARI,32,13.4,170.0,drafted,35.8,on_champion_roster_ranked_table,critical injury-driven pickup -- 'remain vigilant with pickups',No,critical injury-driven pickup -- 'remain vigilant with pickups',Top 50,fixed_rank_cap,Jahmyr Gibbs leads list of most common players on ESPN fantasy football championship rosters,Tristan H. Cockcroft,2025-01-06,https://www.espn.com/fantasy/football/story/_/id/43260187/fantasy-football-2024-most-common-players-championship-rosters,high,
2024,James Cook,RB,BUF,33,13.2,34.6,drafted,266.7,on_champion_roster_ranked_table,,No,,Top 50,fixed_rank_cap,Jahmyr Gibbs leads list of most common players on ESPN fantasy football championship rosters,Tristan H. Cockcroft,2025-01-06,https://www.espn.com/fantasy/football/story/_/id/43260187/fantasy-football-2024-most-common-players-championship-rosters,high,
2024,Josh Allen,QB,BUF,34,13.2,26.9,drafted,379.04,on_champion_roster_ranked_table,,No,,Top 50,fixed_rank_cap,Jahmyr Gibbs leads list of most common players on ESPN fantasy football championship rosters,Tristan H. Cockcroft,2025-01-06,https://www.espn.com/fantasy/football/story/_/id/43260187/fantasy-football-2024-most-common-players-championship-rosters,high,
2024,Terry McLaurin,WR,WAS,35,13.1,86.0,drafted,267.8,on_champion_roster_ranked_table,,No,,Top 50,fixed_rank_cap,Jahmyr Gibbs leads list of most common players on ESPN fantasy football championship rosters,Tristan H. Cockcroft,2025-01-06,https://www.espn.com/fantasy/football/story/_/id/43260187/fantasy-football-2024-most-common-players-championship-rosters,high,
2024,Sam LaPorta,TE,DET,36,12.9,35.2,drafted,174.6,on_champion_roster_ranked_table,,No,,Top 50,fixed_rank_cap,Jahmyr Gibbs leads list of most common players on ESPN fantasy football championship rosters,Tristan H. Cockcroft,2025-01-06,https://www.espn.com/fantasy/football/story/_/id/43260187/fantasy-football-2024-most-common-players-championship-rosters,high,
2024,Brandon Aubrey,K,DAL,37,12.9,108.9,drafted,187.0,on_champion_roster_ranked_table,,No,,Top 50,fixed_rank_cap,Jahmyr Gibbs leads list of most common players on ESPN fantasy football championship rosters,Tristan H. Cockcroft,2025-01-06,https://www.espn.com/fantasy/football/story/_/id/43260187/fantasy-football-2024-most-common-players-championship-rosters,high,"Position is D/ST or K -- outside this project's QB/RB/WR/TE scope, kept for provenance, not for matching against our master DB."
2024,Nico Collins,WR,HOU,38,12.8,33.4,drafted,210.6,on_champion_roster_ranked_table,,No,,Top 50,fixed_rank_cap,Jahmyr Gibbs leads list of most common players on ESPN fantasy football championship rosters,Tristan H. Cockcroft,2025-01-06,https://www.espn.com/fantasy/football/story/_/id/43260187/fantasy-football-2024-most-common-players-championship-rosters,high,
2024,Sam Darnold,QB,MIN,39,12.7,169.9,drafted,307.96,on_champion_roster_ranked_table,,No,,Top 50,fixed_rank_cap,Jahmyr Gibbs leads list of most common players on ESPN fantasy football championship rosters,Tristan H. Cockcroft,2025-01-06,https://www.espn.com/fantasy/football/story/_/id/43260187/fantasy-football-2024-most-common-players-championship-rosters,high,
2024,Chris Boswell,K,PIT,40,12.7,169.3,drafted,188.0,on_champion_roster_ranked_table,,No,,Top 50,fixed_rank_cap,Jahmyr Gibbs leads list of most common players on ESPN fantasy football championship rosters,Tristan H. Cockcroft,2025-01-06,https://www.espn.com/fantasy/football/story/_/id/43260187/fantasy-football-2024-most-common-players-championship-rosters,high,"Position is D/ST or K -- outside this project's QB/RB/WR/TE scope, kept for provenance, not for matching against our master DB."
2024,Bo Nix,QB,DEN,41,12.6,167.4,drafted,317.2,on_champion_roster_ranked_table,,No,,Top 50,fixed_rank_cap,Jahmyr Gibbs leads list of most common players on ESPN fantasy football championship rosters,Tristan H. Cockcroft,2025-01-06,https://www.espn.com/fantasy/football/story/_/id/43260187/fantasy-football-2024-most-common-players-championship-rosters,high,
2024,Isaac Guerendo,RB,SF,42,12.5,,undrafted,94.2,on_champion_roster_ranked_table,,No,,Top 50,fixed_rank_cap,Jahmyr Gibbs leads list of most common players on ESPN fantasy football championship rosters,Tristan H. Cockcroft,2025-01-06,https://www.espn.com/fantasy/football/story/_/id/43260187/fantasy-football-2024-most-common-players-championship-rosters,high,
2024,Zach Charbonnet,RB,SEA,43,11.9,151.8,drafted,186.9,on_champion_roster_ranked_table,,No,,Top 50,fixed_rank_cap,Jahmyr Gibbs leads list of most common players on ESPN fantasy football championship rosters,Tristan H. Cockcroft,2025-01-06,https://www.espn.com/fantasy/football/story/_/id/43260187/fantasy-football-2024-most-common-players-championship-rosters,high,
2024,Aaron Jones,RB,MIN,44,11.8,68.8,drafted,241.6,on_champion_roster_ranked_table,,No,,Top 50,fixed_rank_cap,Jahmyr Gibbs leads list of most common players on ESPN fantasy football championship rosters,Tristan H. Cockcroft,2025-01-06,https://www.espn.com/fantasy/football/story/_/id/43260187/fantasy-football-2024-most-common-players-championship-rosters,high,
2024,Alvin Kamara,RB,NO,45,11.8,32.0,drafted,265.3,on_champion_roster_ranked_table,,No,,Top 50,fixed_rank_cap,Jahmyr Gibbs leads list of most common players on ESPN fantasy football championship rosters,Tristan H. Cockcroft,2025-01-06,https://www.espn.com/fantasy/football/story/_/id/43260187/fantasy-football-2024-most-common-players-championship-rosters,high,
2024,Puka Nacua,WR,LAR,46,11.7,15.6,drafted,206.6,on_champion_roster_ranked_table,,No,,Top 50,fixed_rank_cap,Jahmyr Gibbs leads list of most common players on ESPN fantasy football championship rosters,Tristan H. Cockcroft,2025-01-06,https://www.espn.com/fantasy/football/story/_/id/43260187/fantasy-football-2024-most-common-players-championship-rosters,high,
2024,A.J. Brown,WR,PHI,47,11.6,12.3,drafted,216.9,on_champion_roster_ranked_table,,No,,Top 50,fixed_rank_cap,Jahmyr Gibbs leads list of most common players on ESPN fantasy football championship rosters,Tristan H. Cockcroft,2025-01-06,https://www.espn.com/fantasy/football/story/_/id/43260187/fantasy-football-2024-most-common-players-championship-rosters,high,
2024,Kyren Williams,RB,LAR,48,11.4,18.2,drafted,272.1,on_champion_roster_ranked_table,,No,,Top 50,fixed_rank_cap,Jahmyr Gibbs leads list of most common players on ESPN fantasy football championship rosters,Tristan H. Cockcroft,2025-01-06,https://www.espn.com/fantasy/football/story/_/id/43260187/fantasy-football-2024-most-common-players-championship-rosters,high,
2024,Cameron Dicker,K,LAC,49,11.3,157.5,drafted,176.0,on_champion_roster_ranked_table,,No,,Top 50,fixed_rank_cap,Jahmyr Gibbs leads list of most common players on ESPN fantasy football championship rosters,Tristan H. Cockcroft,2025-01-06,https://www.espn.com/fantasy/football/story/_/id/43260187/fantasy-football-2024-most-common-players-championship-rosters,high,"Position is D/ST or K -- outside this project's QB/RB/WR/TE scope, kept for provenance, not for matching against our master DB."
2024,Jared Goff,QB,DET,50,11.2,146.9,drafted,324.46,on_champion_roster_ranked_table,,No,,Top 50,fixed_rank_cap,Jahmyr Gibbs leads list of most common players on ESPN fantasy football championship rosters,Tristan H. Cockcroft,2025-01-06,https://www.espn.com/fantasy/football/story/_/id/43260187/fantasy-football-2024-most-common-players-championship-rosters,high,
2023,CeeDee Lamb,WR,DAL,1,30.6,16.6,drafted,403.2,on_champion_roster_ranked_table,,No,,Top 50,fixed_rank_cap,CeeDee Lamb the most common player on ESPN Fantasy Football championship rosters,Tristan H. Cockcroft,2024-01-08,https://www.espn.com/fantasy/football/story/_/id/39266644/2023-fantasy-football-championship-most-common-player,high,
2023,Amon-Ra St. Brown,WR,DET,2,24.8,21.0,drafted,330.9,on_champion_roster_ranked_table,,No,,Top 50,fixed_rank_cap,CeeDee Lamb the most common player on ESPN Fantasy Football championship rosters,Tristan H. Cockcroft,2024-01-08,https://www.espn.com/fantasy/football/story/_/id/39266644/2023-fantasy-football-championship-most-common-player,high,
2023,Kyren Williams,RB,LAR,3,23.2,,undrafted,255.0,on_champion_roster_ranked_table,"undrafted, 23.2% of championship rosters",No,"undrafted, 23.2% of championship rosters",Top 50,fixed_rank_cap,CeeDee Lamb the most common player on ESPN Fantasy Football championship rosters,Tristan H. Cockcroft,2024-01-08,https://www.espn.com/fantasy/football/story/_/id/39266644/2023-fantasy-football-championship-most-common-player,high,
2023,Sam LaPorta,TE,DET,4,23.1,165.5,drafted,239.3,on_champion_roster_ranked_table,rookie PPR TE scoring record; top-rostered rookie,No,rookie PPR TE scoring record; top-rostered rookie,Top 50,fixed_rank_cap,CeeDee Lamb the most common player on ESPN Fantasy Football championship rosters,Tristan H. Cockcroft,2024-01-08,https://www.espn.com/fantasy/football/story/_/id/39266644/2023-fantasy-football-championship-most-common-player,high,
2023,Christian McCaffrey,RB,SF,5,21.6,4.3,drafted,391.3,on_champion_roster_ranked_table,,No,,Top 50,fixed_rank_cap,CeeDee Lamb the most common player on ESPN Fantasy Football championship rosters,Tristan H. Cockcroft,2024-01-08,https://www.espn.com/fantasy/football/story/_/id/39266644/2023-fantasy-football-championship-most-common-player,high,
2023,Puka Nacua,WR,LAR,6,21.1,,undrafted,298.5,on_champion_roster_ranked_table,,No,,Top 50,fixed_rank_cap,CeeDee Lamb the most common player on ESPN Fantasy Football championship rosters,Tristan H. Cockcroft,2024-01-08,https://www.espn.com/fantasy/football/story/_/id/39266644/2023-fantasy-football-championship-most-common-player,high,
2023,Brandon Aubrey,K,DAL,7,20.4,169.7,drafted,180.0,on_champion_roster_ranked_table,,No,,Top 50,fixed_rank_cap,CeeDee Lamb the most common player on ESPN Fantasy Football championship rosters,Tristan H. Cockcroft,2024-01-08,https://www.espn.com/fantasy/football/story/_/id/39266644/2023-fantasy-football-championship-most-common-player,high,"Position is D/ST or K -- outside this project's QB/RB/WR/TE scope, kept for provenance, not for matching against our master DB."
2023,Breece Hall,RB,NYJ,8,18.9,55.7,drafted,290.5,on_champion_roster_ranked_table,,No,,Top 50,fixed_rank_cap,CeeDee Lamb the most common player on ESPN Fantasy Football championship rosters,Tristan H. Cockcroft,2024-01-08,https://www.espn.com/fantasy/football/story/_/id/39266644/2023-fantasy-football-championship-most-common-player,high,
2023,Josh Allen,QB,BUF,9,18.2,21.0,drafted,392.64,on_champion_roster_ranked_table,,No,,Top 50,fixed_rank_cap,CeeDee Lamb the most common player on ESPN Fantasy Football championship rosters,Tristan H. Cockcroft,2024-01-08,https://www.espn.com/fantasy/football/story/_/id/39266644/2023-fantasy-football-championship-most-common-player,high,
2023,Justin Jefferson,WR,MIN,10,17.8,1.5,drafted,202.2,on_champion_roster_ranked_table,,No,,Top 50,fixed_rank_cap,CeeDee Lamb the most common player on ESPN Fantasy Football championship rosters,Tristan H. Cockcroft,2024-01-08,https://www.espn.com/fantasy/football/story/_/id/39266644/2023-fantasy-football-championship-most-common-player,high,
2023,Zamir White,RB,LV,11,16.6,,undrafted,73.9,on_champion_roster_ranked_table,strictly a fantasy-playoffs pickup; 'waiver-wire wonder',No,strictly a fantasy-playoffs pickup; 'waiver-wire wonder',Top 50,fixed_rank_cap,CeeDee Lamb the most common player on ESPN Fantasy Football championship rosters,Tristan H. Cockcroft,2024-01-08,https://www.espn.com/fantasy/football/story/_/id/39266644/2023-fantasy-football-championship-most-common-player,high,
2023,Tyreek Hill,WR,MIA,12,16.5,6.3,drafted,376.4,on_champion_roster_ranked_table,,No,,Top 50,fixed_rank_cap,CeeDee Lamb the most common player on ESPN Fantasy Football championship rosters,Tristan H. Cockcroft,2024-01-08,https://www.espn.com/fantasy/football/story/_/id/39266644/2023-fantasy-football-championship-most-common-player,high,
2023,Trey McBride,TE,ARI,13,16.4,,undrafted,181.5,on_champion_roster_ranked_table,,No,,Top 50,fixed_rank_cap,CeeDee Lamb the most common player on ESPN Fantasy Football championship rosters,Tristan H. Cockcroft,2024-01-08,https://www.espn.com/fantasy/football/story/_/id/39266644/2023-fantasy-football-championship-most-common-player,high,
2023,De'Von Achane,RB,MIA,14,15.8,166.3,drafted,190.7,on_champion_roster_ranked_table,,No,,Top 50,fixed_rank_cap,CeeDee Lamb the most common player on ESPN Fantasy Football championship rosters,Tristan H. Cockcroft,2024-01-08,https://www.espn.com/fantasy/football/story/_/id/39266644/2023-fantasy-football-championship-most-common-player,high,
2023,James Conner,RB,ARI,15,15.8,61.7,drafted,201.5,on_champion_roster_ranked_table,,No,,Top 50,fixed_rank_cap,CeeDee Lamb the most common player on ESPN Fantasy Football championship rosters,Tristan H. Cockcroft,2024-01-08,https://www.espn.com/fantasy/football/story/_/id/39266644/2023-fantasy-football-championship-most-common-player,high,
2023,C.J. Stroud,QB,HOU,16,15.5,169.0,drafted,276.02,on_champion_roster_ranked_table,,No,,Top 50,fixed_rank_cap,CeeDee Lamb the most common player on ESPN Fantasy Football championship rosters,Tristan H. Cockcroft,2024-01-08,https://www.espn.com/fantasy/football/story/_/id/39266644/2023-fantasy-football-championship-most-common-player,high,
2023,Nico Collins,WR,HOU,17,15.5,148.4,drafted,260.4,on_champion_roster_ranked_table,,No,,Top 50,fixed_rank_cap,CeeDee Lamb the most common player on ESPN Fantasy Football championship rosters,Tristan H. Cockcroft,2024-01-08,https://www.espn.com/fantasy/football/story/_/id/39266644/2023-fantasy-football-championship-most-common-player,high,
2023,Jahmyr Gibbs,RB,DET,18,14.8,34.0,drafted,242.1,on_champion_roster_ranked_table,,No,,Top 50,fixed_rank_cap,CeeDee Lamb the most common player on ESPN Fantasy Football championship rosters,Tristan H. Cockcroft,2024-01-08,https://www.espn.com/fantasy/football/story/_/id/39266644/2023-fantasy-football-championship-most-common-player,high,
2023,Cowboys D/ST,D/ST,DAL,19,14.8,115.9,drafted,172.0,on_champion_roster_ranked_table,,No,,Top 50,fixed_rank_cap,CeeDee Lamb the most common player on ESPN Fantasy Football championship rosters,Tristan H. Cockcroft,2024-01-08,https://www.espn.com/fantasy/football/story/_/id/39266644/2023-fantasy-football-championship-most-common-player,high,"Position is D/ST or K -- outside this project's QB/RB/WR/TE scope, kept for provenance, not for matching against our master DB."
2023,Dak Prescott,QB,DAL,20,14.2,98.5,drafted,342.84,on_champion_roster_ranked_table,,No,,Top 50,fixed_rank_cap,CeeDee Lamb the most common player on ESPN Fantasy Football championship rosters,Tristan H. Cockcroft,2024-01-08,https://www.espn.com/fantasy/football/story/_/id/39266644/2023-fantasy-football-championship-most-common-player,high,
2023,Lamar Jackson,QB,BAL,21,14.2,32.4,drafted,331.22,on_champion_roster_ranked_table,,No,,Top 50,fixed_rank_cap,CeeDee Lamb the most common player on ESPN Fantasy Football championship rosters,Tristan H. Cockcroft,2024-01-08,https://www.espn.com/fantasy/football/story/_/id/39266644/2023-fantasy-football-championship-most-common-player,high,
2023,Evan Engram,TE,JAX,22,14.1,86.0,drafted,230.3,on_champion_roster_ranked_table,,No,,Top 50,fixed_rank_cap,CeeDee Lamb the most common player on ESPN Fantasy Football championship rosters,Tristan H. Cockcroft,2024-01-08,https://www.espn.com/fantasy/football/story/_/id/39266644/2023-fantasy-football-championship-most-common-player,high,
2023,Raheem Mostert,RB,MIA,23,14.0,123.3,drafted,267.7,on_champion_roster_ranked_table,,No,,Top 50,fixed_rank_cap,CeeDee Lamb the most common player on ESPN Fantasy Football championship rosters,Tristan H. Cockcroft,2024-01-08,https://www.espn.com/fantasy/football/story/_/id/39266644/2023-fantasy-football-championship-most-common-player,high,
2023,Jalen Hurts,QB,PHI,24,13.9,22.8,drafted,356.82,on_champion_roster_ranked_table,,No,,Top 50,fixed_rank_cap,CeeDee Lamb the most common player on ESPN Fantasy Football championship rosters,Tristan H. Cockcroft,2024-01-08,https://www.espn.com/fantasy/football/story/_/id/39266644/2023-fantasy-football-championship-most-common-player,high,
2023,Rachaad White,RB,TB,25,13.8,58.0,drafted,267.9,on_champion_roster_ranked_table,,No,,Top 50,fixed_rank_cap,CeeDee Lamb the most common player on ESPN Fantasy Football championship rosters,Tristan H. Cockcroft,2024-01-08,https://www.espn.com/fantasy/football/story/_/id/39266644/2023-fantasy-football-championship-most-common-player,high,
2023,Travis Etienne Jr.,RB,JAX,26,13.7,30.1,drafted,282.4,on_champion_roster_ranked_table,,No,,Top 50,fixed_rank_cap,CeeDee Lamb the most common player on ESPN Fantasy Football championship rosters,Tristan H. Cockcroft,2024-01-08,https://www.espn.com/fantasy/football/story/_/id/39266644/2023-fantasy-football-championship-most-common-player,high,
2023,Kyler Murray,QB,ARI,27,13.4,169.0,drafted,146.36,on_champion_roster_ranked_table,,No,,Top 50,fixed_rank_cap,CeeDee Lamb the most common player on ESPN Fantasy Football championship rosters,Tristan H. Cockcroft,2024-01-08,https://www.espn.com/fantasy/football/story/_/id/39266644/2023-fantasy-football-championship-most-common-player,high,
2023,Joe Mixon,RB,CIN,28,13.3,23.3,drafted,267.0,on_champion_roster_ranked_table,,No,,Top 50,fixed_rank_cap,CeeDee Lamb the most common player on ESPN Fantasy Football championship rosters,Tristan H. Cockcroft,2024-01-08,https://www.espn.com/fantasy/football/story/_/id/39266644/2023-fantasy-football-championship-most-common-player,high,
2023,Mike Evans,WR,TB,29,12.9,71.9,drafted,282.5,on_champion_roster_ranked_table,,No,,Top 50,fixed_rank_cap,CeeDee Lamb the most common player on ESPN Fantasy Football championship rosters,Tristan H. Cockcroft,2024-01-08,https://www.espn.com/fantasy/football/story/_/id/39266644/2023-fantasy-football-championship-most-common-player,high,
2023,Jake Elliott,K,PHI,30,13.0,139.7,drafted,155.0,on_champion_roster_ranked_table,,No,,Top 50,fixed_rank_cap,CeeDee Lamb the most common player on ESPN Fantasy Football championship rosters,Tristan H. Cockcroft,2024-01-08,https://www.espn.com/fantasy/football/story/_/id/39266644/2023-fantasy-football-championship-most-common-player,high,"Position is D/ST or K -- outside this project's QB/RB/WR/TE scope, kept for provenance, not for matching against our master DB."
2023,Jonathan Taylor,RB,IND,31,12.8,78.2,drafted,156.4,on_champion_roster_ranked_table,,No,,Top 50,fixed_rank_cap,CeeDee Lamb the most common player on ESPN Fantasy Football championship rosters,Tristan H. Cockcroft,2024-01-08,https://www.espn.com/fantasy/football/story/_/id/39266644/2023-fantasy-football-championship-most-common-player,high,
2023,Jets D/ST,D/ST,NYJ,32,12.8,134.8,drafted,157.0,on_champion_roster_ranked_table,,No,,Top 50,fixed_rank_cap,CeeDee Lamb the most common player on ESPN Fantasy Football championship rosters,Tristan H. Cockcroft,2024-01-08,https://www.espn.com/fantasy/football/story/_/id/39266644/2023-fantasy-football-championship-most-common-player,high,"Position is D/ST or K -- outside this project's QB/RB/WR/TE scope, kept for provenance, not for matching against our master DB."
2023,Rashee Rice,WR,KC,33,12.6,,undrafted,212.5,on_champion_roster_ranked_table,,No,,Top 50,fixed_rank_cap,CeeDee Lamb the most common player on ESPN Fantasy Football championship rosters,Tristan H. Cockcroft,2024-01-08,https://www.espn.com/fantasy/football/story/_/id/39266644/2023-fantasy-football-championship-most-common-player,high,
2023,Browns D/ST,D/ST,CLE,34,12.6,144.7,drafted,167.0,on_champion_roster_ranked_table,,No,,Top 50,fixed_rank_cap,CeeDee Lamb the most common player on ESPN Fantasy Football championship rosters,Tristan H. Cockcroft,2024-01-08,https://www.espn.com/fantasy/football/story/_/id/39266644/2023-fantasy-football-championship-most-common-player,high,"Position is D/ST or K -- outside this project's QB/RB/WR/TE scope, kept for provenance, not for matching against our master DB."
2023,Kenneth Walker III,RB,SEA,35,12.3,56.0,drafted,199.4,on_champion_roster_ranked_table,,No,,Top 50,fixed_rank_cap,CeeDee Lamb the most common player on ESPN Fantasy Football championship rosters,Tristan H. Cockcroft,2024-01-08,https://www.espn.com/fantasy/football/story/_/id/39266644/2023-fantasy-football-championship-most-common-player,high,
2023,Alvin Kamara,RB,NO,36,12.2,56.7,drafted,233.0,on_champion_roster_ranked_table,,No,,Top 50,fixed_rank_cap,CeeDee Lamb the most common player on ESPN Fantasy Football championship rosters,Tristan H. Cockcroft,2024-01-08,https://www.espn.com/fantasy/football/story/_/id/39266644/2023-fantasy-football-championship-most-common-player,high,
2023,Jake Ferguson,TE,DAL,37,12.2,169.4,drafted,177.1,on_champion_roster_ranked_table,,No,,Top 50,fixed_rank_cap,CeeDee Lamb the most common player on ESPN Fantasy Football championship rosters,Tristan H. Cockcroft,2024-01-08,https://www.espn.com/fantasy/football/story/_/id/39266644/2023-fantasy-football-championship-most-common-player,high,
2023,Deebo Samuel,WR,SF,38,12.0,35.8,drafted,243.7,on_champion_roster_ranked_table,,No,,Top 50,fixed_rank_cap,CeeDee Lamb the most common player on ESPN Fantasy Football championship rosters,Tristan H. Cockcroft,2024-01-08,https://www.espn.com/fantasy/football/story/_/id/39266644/2023-fantasy-football-championship-most-common-player,high,
2023,Keenan Allen,WR,LAC,39,11.9,42.5,drafted,278.86,on_champion_roster_ranked_table,,No,,Top 50,fixed_rank_cap,CeeDee Lamb the most common player on ESPN Fantasy Football championship rosters,Tristan H. Cockcroft,2024-01-08,https://www.espn.com/fantasy/football/story/_/id/39266644/2023-fantasy-football-championship-most-common-player,high,
2023,Davante Adams,WR,LV,40,11.8,9.9,drafted,265.4,on_champion_roster_ranked_table,,No,,Top 50,fixed_rank_cap,CeeDee Lamb the most common player on ESPN Fantasy Football championship rosters,Tristan H. Cockcroft,2024-01-08,https://www.espn.com/fantasy/football/story/_/id/39266644/2023-fantasy-football-championship-most-common-player,high,
2023,Saquon Barkley,RB,NYG,41,11.8,11.1,drafted,223.2,on_champion_roster_ranked_table,,No,,Top 50,fixed_rank_cap,CeeDee Lamb the most common player on ESPN Fantasy Football championship rosters,Tristan H. Cockcroft,2024-01-08,https://www.espn.com/fantasy/football/story/_/id/39266644/2023-fantasy-football-championship-most-common-player,high,
2023,Bijan Robinson,RB,ATL,42,11.8,10.2,drafted,246.3,on_champion_roster_ranked_table,,No,,Top 50,fixed_rank_cap,CeeDee Lamb the most common player on ESPN Fantasy Football championship rosters,Tristan H. Cockcroft,2024-01-08,https://www.espn.com/fantasy/football/story/_/id/39266644/2023-fantasy-football-championship-most-common-player,high,
2023,Justin Tucker,K,BAL,43,11.8,87.4,drafted,155.0,on_champion_roster_ranked_table,,No,,Top 50,fixed_rank_cap,CeeDee Lamb the most common player on ESPN Fantasy Football championship rosters,Tristan H. Cockcroft,2024-01-08,https://www.espn.com/fantasy/football/story/_/id/39266644/2023-fantasy-football-championship-most-common-player,high,"Position is D/ST or K -- outside this project's QB/RB/WR/TE scope, kept for provenance, not for matching against our master DB."
2023,Brandon Aiyuk,WR,SF,44,11.6,83.1,drafted,249.2,on_champion_roster_ranked_table,,No,,Top 50,fixed_rank_cap,CeeDee Lamb the most common player on ESPN Fantasy Football championship rosters,Tristan H. Cockcroft,2024-01-08,https://www.espn.com/fantasy/football/story/_/id/39266644/2023-fantasy-football-championship-most-common-player,high,
2023,Jordan Love,QB,GB,45,11.6,167.3,drafted,319.06,on_champion_roster_ranked_table,,No,,Top 50,fixed_rank_cap,CeeDee Lamb the most common player on ESPN Fantasy Football championship rosters,Tristan H. Cockcroft,2024-01-08,https://www.espn.com/fantasy/football/story/_/id/39266644/2023-fantasy-football-championship-most-common-player,high,
2023,DJ Moore,WR,CHI,46,11.4,60.7,drafted,286.5,on_champion_roster_ranked_table,,No,,Top 50,fixed_rank_cap,CeeDee Lamb the most common player on ESPN Fantasy Football championship rosters,Tristan H. Cockcroft,2024-01-08,https://www.espn.com/fantasy/football/story/_/id/39266644/2023-fantasy-football-championship-most-common-player,high,
2023,Ezekiel Elliott,RB,NE,47,11.2,137.9,drafted,174.5,on_champion_roster_ranked_table,,No,,Top 50,fixed_rank_cap,CeeDee Lamb the most common player on ESPN Fantasy Football championship rosters,Tristan H. Cockcroft,2024-01-08,https://www.espn.com/fantasy/football/story/_/id/39266644/2023-fantasy-football-championship-most-common-player,high,
2023,David Montgomery,RB,DET,48,11.0,83.8,drafted,207.2,on_champion_roster_ranked_table,,No,,Top 50,fixed_rank_cap,CeeDee Lamb the most common player on ESPN Fantasy Football championship rosters,Tristan H. Cockcroft,2024-01-08,https://www.espn.com/fantasy/football/story/_/id/39266644/2023-fantasy-football-championship-most-common-player,high,
2023,Chris Olave,WR,NO,49,11.0,30.2,drafted,231.3,on_champion_roster_ranked_table,,No,,Top 50,fixed_rank_cap,CeeDee Lamb the most common player on ESPN Fantasy Football championship rosters,Tristan H. Cockcroft,2024-01-08,https://www.espn.com/fantasy/football/story/_/id/39266644/2023-fantasy-football-championship-most-common-player,high,
2023,Justin Fields,QB,CHI,50,10.8,49.8,drafted,230.18,on_champion_roster_ranked_table,,No,,Top 50,fixed_rank_cap,CeeDee Lamb the most common player on ESPN Fantasy Football championship rosters,Tristan H. Cockcroft,2024-01-08,https://www.espn.com/fantasy/football/story/_/id/39266644/2023-fantasy-football-championship-most-common-player,high,
2022,Christian McCaffrey,RB,SF,1,22.8,3.1,drafted,404.56,on_champion_roster_ranked_table,,No,,Top 50,fixed_rank_cap,"McCaffrey, Mahomes among most common players on rosters of ESPN Fantasy Football champions",Tristan H. Cockcroft,2023-01-09,https://www.espn.com/fantasy/football/story/_/id/35412511/christian-mccaffrey-patrick-mahomes-austin-ekeler-travis-kelce,high,
2022,Patrick Mahomes,QB,KC,2,22.2,31.6,drafted,457.9,on_champion_roster_ranked_table,,No,,Top 50,fixed_rank_cap,"McCaffrey, Mahomes among most common players on rosters of ESPN Fantasy Football champions",Tristan H. Cockcroft,2023-01-09,https://www.espn.com/fantasy/football/story/_/id/35412511/christian-mccaffrey-patrick-mahomes-austin-ekeler-travis-kelce,high,
2022,Austin Ekeler,RB,LAC,3,22.0,5.0,drafted,413.8,on_champion_roster_ranked_table,,No,,Top 50,fixed_rank_cap,"McCaffrey, Mahomes among most common players on rosters of ESPN Fantasy Football champions",Tristan H. Cockcroft,2023-01-09,https://www.espn.com/fantasy/football/story/_/id/35412511/christian-mccaffrey-patrick-mahomes-austin-ekeler-travis-kelce,high,
2022,Travis Kelce,TE,KC,4,21.4,19.6,drafted,337.4,on_champion_roster_ranked_table,,No,,Top 50,fixed_rank_cap,"McCaffrey, Mahomes among most common players on rosters of ESPN Fantasy Football champions",Tristan H. Cockcroft,2023-01-09,https://www.espn.com/fantasy/football/story/_/id/35412511/christian-mccaffrey-patrick-mahomes-austin-ekeler-travis-kelce,high,
2022,A.J. Brown,WR,PHI,5,20.4,36.0,drafted,332.8,on_champion_roster_ranked_table,,No,,Top 50,fixed_rank_cap,"McCaffrey, Mahomes among most common players on rosters of ESPN Fantasy Football champions",Tristan H. Cockcroft,2023-01-09,https://www.espn.com/fantasy/football/story/_/id/35412511/christian-mccaffrey-patrick-mahomes-austin-ekeler-travis-kelce,high,
2022,CeeDee Lamb,WR,DAL,6,19.8,20.4,drafted,338.8,on_champion_roster_ranked_table,,No,,Top 50,fixed_rank_cap,"McCaffrey, Mahomes among most common players on rosters of ESPN Fantasy Football champions",Tristan H. Cockcroft,2023-01-09,https://www.espn.com/fantasy/football/story/_/id/35412511/christian-mccaffrey-patrick-mahomes-austin-ekeler-travis-kelce,high,
2022,George Kittle,TE,SF,7,19.8,48.2,drafted,231.7,on_champion_roster_ranked_table,,No,,Top 50,fixed_rank_cap,"McCaffrey, Mahomes among most common players on rosters of ESPN Fantasy Football champions",Tristan H. Cockcroft,2023-01-09,https://www.espn.com/fantasy/football/story/_/id/35412511/christian-mccaffrey-patrick-mahomes-austin-ekeler-travis-kelce,high,
2022,Jalen Hurts,QB,PHI,8,18.0,63.4,drafted,386.5,on_champion_roster_ranked_table,,No,,Top 50,fixed_rank_cap,"McCaffrey, Mahomes among most common players on rosters of ESPN Fantasy Football champions",Tristan H. Cockcroft,2023-01-09,https://www.espn.com/fantasy/football/story/_/id/35412511/christian-mccaffrey-patrick-mahomes-austin-ekeler-travis-kelce,high,
2022,Derrick Henry,RB,TEN,9,16.3,5.9,drafted,316.56,on_champion_roster_ranked_table,,No,,Top 50,fixed_rank_cap,"McCaffrey, Mahomes among most common players on rosters of ESPN Fantasy Football champions",Tristan H. Cockcroft,2023-01-09,https://www.espn.com/fantasy/football/story/_/id/35412511/christian-mccaffrey-patrick-mahomes-austin-ekeler-travis-kelce,high,
2022,Nick Chubb,RB,CLE,10,15.7,29.0,drafted,317.2,on_champion_roster_ranked_table,,No,,Top 50,fixed_rank_cap,"McCaffrey, Mahomes among most common players on rosters of ESPN Fantasy Football champions",Tristan H. Cockcroft,2023-01-09,https://www.espn.com/fantasy/football/story/_/id/35412511/christian-mccaffrey-patrick-mahomes-austin-ekeler-travis-kelce,high,
2022,Tyreek Hill,WR,MIA,11,15.7,19.2,drafted,367.2,on_champion_roster_ranked_table,,No,,Top 50,fixed_rank_cap,"McCaffrey, Mahomes among most common players on rosters of ESPN Fantasy Football champions",Tristan H. Cockcroft,2023-01-09,https://www.espn.com/fantasy/football/story/_/id/35412511/christian-mccaffrey-patrick-mahomes-austin-ekeler-travis-kelce,high,
2022,Eagles D/ST,D/ST,PHI,12,15.7,165.1,drafted,173.0,on_champion_roster_ranked_table,,No,,Top 50,fixed_rank_cap,"McCaffrey, Mahomes among most common players on rosters of ESPN Fantasy Football champions",Tristan H. Cockcroft,2023-01-09,https://www.espn.com/fantasy/football/story/_/id/35412511/christian-mccaffrey-patrick-mahomes-austin-ekeler-travis-kelce,high,"Position is D/ST or K -- outside this project's QB/RB/WR/TE scope, kept for provenance, not for matching against our master DB."
2022,Saquon Barkley,RB,NYG,13,15.6,28.0,drafted,291.3,on_champion_roster_ranked_table,,No,,Top 50,fixed_rank_cap,"McCaffrey, Mahomes among most common players on rosters of ESPN Fantasy Football champions",Tristan H. Cockcroft,2023-01-09,https://www.espn.com/fantasy/football/story/_/id/35412511/christian-mccaffrey-patrick-mahomes-austin-ekeler-travis-kelce,high,
2022,Josh Jacobs,RB,LV,14,15.5,56.9,drafted,354.8,on_champion_roster_ranked_table,,No,,Top 50,fixed_rank_cap,"McCaffrey, Mahomes among most common players on rosters of ESPN Fantasy Football champions",Tristan H. Cockcroft,2023-01-09,https://www.espn.com/fantasy/football/story/_/id/35412511/christian-mccaffrey-patrick-mahomes-austin-ekeler-travis-kelce,high,
2022,T.J. Hockenson,TE,MIN,15,15.3,73.7,drafted,230.9,on_champion_roster_ranked_table,,No,,Top 50,fixed_rank_cap,"McCaffrey, Mahomes among most common players on rosters of ESPN Fantasy Football champions",Tristan H. Cockcroft,2023-01-09,https://www.espn.com/fantasy/football/story/_/id/35412511/christian-mccaffrey-patrick-mahomes-austin-ekeler-travis-kelce,high,
2022,Josh Allen,QB,BUF,16,15.2,24.0,drafted,417.28,on_champion_roster_ranked_table,,No,,Top 50,fixed_rank_cap,"McCaffrey, Mahomes among most common players on rosters of ESPN Fantasy Football champions",Tristan H. Cockcroft,2023-01-09,https://www.espn.com/fantasy/football/story/_/id/35412511/christian-mccaffrey-patrick-mahomes-austin-ekeler-travis-kelce,high,
2022,Keenan Allen,WR,LAC,17,15.0,26.2,drafted,206.0,on_champion_roster_ranked_table,,No,,Top 50,fixed_rank_cap,"McCaffrey, Mahomes among most common players on rosters of ESPN Fantasy Football champions",Tristan H. Cockcroft,2023-01-09,https://www.espn.com/fantasy/football/story/_/id/35412511/christian-mccaffrey-patrick-mahomes-austin-ekeler-travis-kelce,high,
2022,Amon-Ra St. Brown,WR,DET,18,14.6,64.6,drafted,288.7,on_champion_roster_ranked_table,,No,,Top 50,fixed_rank_cap,"McCaffrey, Mahomes among most common players on rosters of ESPN Fantasy Football champions",Tristan H. Cockcroft,2023-01-09,https://www.espn.com/fantasy/football/story/_/id/35412511/christian-mccaffrey-patrick-mahomes-austin-ekeler-travis-kelce,high,
2022,Jerick McKinnon,RB,KC,19,14.3,,undrafted,227.5,on_champion_roster_ranked_table,,No,,Top 50,fixed_rank_cap,"McCaffrey, Mahomes among most common players on rosters of ESPN Fantasy Football champions",Tristan H. Cockcroft,2023-01-09,https://www.espn.com/fantasy/football/story/_/id/35412511/christian-mccaffrey-patrick-mahomes-austin-ekeler-travis-kelce,high,
2022,Justin Tucker,K,BAL,20,14.1,95.8,drafted,182.0,on_champion_roster_ranked_table,,No,,Top 50,fixed_rank_cap,"McCaffrey, Mahomes among most common players on rosters of ESPN Fantasy Football champions",Tristan H. Cockcroft,2023-01-09,https://www.espn.com/fantasy/football/story/_/id/35412511/christian-mccaffrey-patrick-mahomes-austin-ekeler-travis-kelce,high,"Position is D/ST or K -- outside this project's QB/RB/WR/TE scope, kept for provenance, not for matching against our master DB."
2022,Justin Jefferson,WR,MIN,21,13.8,6.3,drafted,378.96,on_champion_roster_ranked_table,,No,,Top 50,fixed_rank_cap,"McCaffrey, Mahomes among most common players on rosters of ESPN Fantasy Football champions",Tristan H. Cockcroft,2023-01-09,https://www.espn.com/fantasy/football/story/_/id/35412511/christian-mccaffrey-patrick-mahomes-austin-ekeler-travis-kelce,high,
2022,DeVonta Smith,WR,PHI,22,13.7,95.9,drafted,288.8,on_champion_roster_ranked_table,,No,,Top 50,fixed_rank_cap,"McCaffrey, Mahomes among most common players on rosters of ESPN Fantasy Football champions",Tristan H. Cockcroft,2023-01-09,https://www.espn.com/fantasy/football/story/_/id/35412511/christian-mccaffrey-patrick-mahomes-austin-ekeler-travis-kelce,high,
2022,Davante Adams,WR,LV,23,13.3,12.7,drafted,382.1,on_champion_roster_ranked_table,,No,,Top 50,fixed_rank_cap,"McCaffrey, Mahomes among most common players on rosters of ESPN Fantasy Football champions",Tristan H. Cockcroft,2023-01-09,https://www.espn.com/fantasy/football/story/_/id/35412511/christian-mccaffrey-patrick-mahomes-austin-ekeler-travis-kelce,high,
2022,Chris Godwin,WR,TB,24,13.3,65.0,drafted,253.3,on_champion_roster_ranked_table,,No,,Top 50,fixed_rank_cap,"McCaffrey, Mahomes among most common players on rosters of ESPN Fantasy Football champions",Tristan H. Cockcroft,2023-01-09,https://www.espn.com/fantasy/football/story/_/id/35412511/christian-mccaffrey-patrick-mahomes-austin-ekeler-travis-kelce,high,
2022,Travis Etienne Jr.,RB,JAX,25,13.3,49.3,drafted,233.5,on_champion_roster_ranked_table,,No,,Top 50,fixed_rank_cap,"McCaffrey, Mahomes among most common players on rosters of ESPN Fantasy Football champions",Tristan H. Cockcroft,2023-01-09,https://www.espn.com/fantasy/football/story/_/id/35412511/christian-mccaffrey-patrick-mahomes-austin-ekeler-travis-kelce,high,
2022,Kenneth Walker III,RB,SEA,26,13.2,140.5,drafted,231.1,on_champion_roster_ranked_table,,No,,Top 50,fixed_rank_cap,"McCaffrey, Mahomes among most common players on rosters of ESPN Fantasy Football champions",Tristan H. Cockcroft,2023-01-09,https://www.espn.com/fantasy/football/story/_/id/35412511/christian-mccaffrey-patrick-mahomes-austin-ekeler-travis-kelce,high,
2022,Jaylen Waddle,WR,MIA,27,13.2,49.0,drafted,277.7,on_champion_roster_ranked_table,,No,,Top 50,fixed_rank_cap,"McCaffrey, Mahomes among most common players on rosters of ESPN Fantasy Football champions",Tristan H. Cockcroft,2023-01-09,https://www.espn.com/fantasy/football/story/_/id/35412511/christian-mccaffrey-patrick-mahomes-austin-ekeler-travis-kelce,high,
2022,Cam Akers,RB,LAR,28,12.9,34.5,drafted,171.4,on_champion_roster_ranked_table,,No,,Top 50,fixed_rank_cap,"McCaffrey, Mahomes among most common players on rosters of ESPN Fantasy Football champions",Tristan H. Cockcroft,2023-01-09,https://www.espn.com/fantasy/football/story/_/id/35412511/christian-mccaffrey-patrick-mahomes-austin-ekeler-travis-kelce,high,
2022,49ers D/ST,D/ST,SF,29,12.7,126.2,drafted,169.0,on_champion_roster_ranked_table,,No,,Top 50,fixed_rank_cap,"McCaffrey, Mahomes among most common players on rosters of ESPN Fantasy Football champions",Tristan H. Cockcroft,2023-01-09,https://www.espn.com/fantasy/football/story/_/id/35412511/christian-mccaffrey-patrick-mahomes-austin-ekeler-travis-kelce,high,"Position is D/ST or K -- outside this project's QB/RB/WR/TE scope, kept for provenance, not for matching against our master DB."
2022,Daniel Carlson,K,LV,30,12.7,133.9,drafted,181.0,on_champion_roster_ranked_table,,No,,Top 50,fixed_rank_cap,"McCaffrey, Mahomes among most common players on rosters of ESPN Fantasy Football champions",Tristan H. Cockcroft,2023-01-09,https://www.espn.com/fantasy/football/story/_/id/35412511/christian-mccaffrey-patrick-mahomes-austin-ekeler-travis-kelce,high,"Position is D/ST or K -- outside this project's QB/RB/WR/TE scope, kept for provenance, not for matching against our master DB."
2022,Bills D/ST,D/ST,BUF,31,12.6,83.6,drafted,157.0,on_champion_roster_ranked_table,,No,,Top 50,fixed_rank_cap,"McCaffrey, Mahomes among most common players on rosters of ESPN Fantasy Football champions",Tristan H. Cockcroft,2023-01-09,https://www.espn.com/fantasy/football/story/_/id/35412511/christian-mccaffrey-patrick-mahomes-austin-ekeler-travis-kelce,high,"Position is D/ST or K -- outside this project's QB/RB/WR/TE scope, kept for provenance, not for matching against our master DB."
2022,Rhamondre Stevenson,RB,NE,32,12.4,99.5,drafted,269.4,on_champion_roster_ranked_table,,No,,Top 50,fixed_rank_cap,"McCaffrey, Mahomes among most common players on rosters of ESPN Fantasy Football champions",Tristan H. Cockcroft,2023-01-09,https://www.espn.com/fantasy/football/story/_/id/35412511/christian-mccaffrey-patrick-mahomes-austin-ekeler-travis-kelce,high,
2022,Brett Maher,K,DAL,33,12.4,,undrafted,168.0,on_champion_roster_ranked_table,,No,,Top 50,fixed_rank_cap,"McCaffrey, Mahomes among most common players on rosters of ESPN Fantasy Football champions",Tristan H. Cockcroft,2023-01-09,https://www.espn.com/fantasy/football/story/_/id/35412511/christian-mccaffrey-patrick-mahomes-austin-ekeler-travis-kelce,high,"Position is D/ST or K -- outside this project's QB/RB/WR/TE scope, kept for provenance, not for matching against our master DB."
2022,Aaron Jones,RB,GB,34,12.2,23.7,drafted,269.7,on_champion_roster_ranked_table,,No,,Top 50,fixed_rank_cap,"McCaffrey, Mahomes among most common players on rosters of ESPN Fantasy Football champions",Tristan H. Cockcroft,2023-01-09,https://www.espn.com/fantasy/football/story/_/id/35412511/christian-mccaffrey-patrick-mahomes-austin-ekeler-travis-kelce,high,
2022,Joe Burrow,QB,CIN,35,12.1,81.3,drafted,362.3,on_champion_roster_ranked_table,,No,,Top 50,fixed_rank_cap,"McCaffrey, Mahomes among most common players on rosters of ESPN Fantasy Football champions",Tristan H. Cockcroft,2023-01-09,https://www.espn.com/fantasy/football/story/_/id/35412511/christian-mccaffrey-patrick-mahomes-austin-ekeler-travis-kelce,high,
2022,Mike Evans,WR,TB,36,12.1,28.4,drafted,274.1,on_champion_roster_ranked_table,,No,,Top 50,fixed_rank_cap,"McCaffrey, Mahomes among most common players on rosters of ESPN Fantasy Football champions",Tristan H. Cockcroft,2023-01-09,https://www.espn.com/fantasy/football/story/_/id/35412511/christian-mccaffrey-patrick-mahomes-austin-ekeler-travis-kelce,high,
2022,Christian Watson,WR,GB,37,12.0,,undrafted,182.8,on_champion_roster_ranked_table,,No,,Top 50,fixed_rank_cap,"McCaffrey, Mahomes among most common players on rosters of ESPN Fantasy Football champions",Tristan H. Cockcroft,2023-01-09,https://www.espn.com/fantasy/football/story/_/id/35412511/christian-mccaffrey-patrick-mahomes-austin-ekeler-travis-kelce,high,
2022,Tyler Allgeier,RB,ATL,38,12.0,168.4,drafted,189.4,on_champion_roster_ranked_table,,No,,Top 50,fixed_rank_cap,"McCaffrey, Mahomes among most common players on rosters of ESPN Fantasy Football champions",Tristan H. Cockcroft,2023-01-09,https://www.espn.com/fantasy/football/story/_/id/35412511/christian-mccaffrey-patrick-mahomes-austin-ekeler-travis-kelce,high,
2022,Evan Engram,TE,JAX,39,11.7,168.6,drafted,187.5,on_champion_roster_ranked_table,,No,,Top 50,fixed_rank_cap,"McCaffrey, Mahomes among most common players on rosters of ESPN Fantasy Football champions",Tristan H. Cockcroft,2023-01-09,https://www.espn.com/fantasy/football/story/_/id/35412511/christian-mccaffrey-patrick-mahomes-austin-ekeler-travis-kelce,high,
2022,Joe Mixon,RB,CIN,40,11.4,13.9,drafted,257.3,on_champion_roster_ranked_table,,No,,Top 50,fixed_rank_cap,"McCaffrey, Mahomes among most common players on rosters of ESPN Fantasy Football champions",Tristan H. Cockcroft,2023-01-09,https://www.espn.com/fantasy/football/story/_/id/35412511/christian-mccaffrey-patrick-mahomes-austin-ekeler-travis-kelce,high,
2022,Stefon Diggs,WR,BUF,41,11.4,14.0,drafted,340.0,on_champion_roster_ranked_table,,No,,Top 50,fixed_rank_cap,"McCaffrey, Mahomes among most common players on rosters of ESPN Fantasy Football champions",Tristan H. Cockcroft,2023-01-09,https://www.espn.com/fantasy/football/story/_/id/35412511/christian-mccaffrey-patrick-mahomes-austin-ekeler-travis-kelce,high,
2022,Cowboys D/ST,D/ST,DAL,42,11.3,137.5,drafted,167.0,on_champion_roster_ranked_table,,No,,Top 50,fixed_rank_cap,"McCaffrey, Mahomes among most common players on rosters of ESPN Fantasy Football champions",Tristan H. Cockcroft,2023-01-09,https://www.espn.com/fantasy/football/story/_/id/35412511/christian-mccaffrey-patrick-mahomes-austin-ekeler-travis-kelce,high,"Position is D/ST or K -- outside this project's QB/RB/WR/TE scope, kept for provenance, not for matching against our master DB."
2022,Terry McLaurin,WR,WAS,43,11.2,40.3,drafted,251.1,on_champion_roster_ranked_table,,No,,Top 50,fixed_rank_cap,"McCaffrey, Mahomes among most common players on rosters of ESPN Fantasy Football champions",Tristan H. Cockcroft,2023-01-09,https://www.espn.com/fantasy/football/story/_/id/35412511/christian-mccaffrey-patrick-mahomes-austin-ekeler-travis-kelce,high,
2022,DeAndre Hopkins,WR,ARI,44,11.1,102.6,drafted,151.7,on_champion_roster_ranked_table,,No,,Top 50,fixed_rank_cap,"McCaffrey, Mahomes among most common players on rosters of ESPN Fantasy Football champions",Tristan H. Cockcroft,2023-01-09,https://www.espn.com/fantasy/football/story/_/id/35412511/christian-mccaffrey-patrick-mahomes-austin-ekeler-travis-kelce,high,
2022,Ja'Marr Chase,WR,CIN,45,11.1,8.0,drafted,265.0,on_champion_roster_ranked_table,,No,,Top 50,fixed_rank_cap,"McCaffrey, Mahomes among most common players on rosters of ESPN Fantasy Football champions",Tristan H. Cockcroft,2023-01-09,https://www.espn.com/fantasy/football/story/_/id/35412511/christian-mccaffrey-patrick-mahomes-austin-ekeler-travis-kelce,high,
2022,Amari Cooper,WR,CLE,46,11.0,78.1,drafted,278.6,on_champion_roster_ranked_table,,No,,Top 50,fixed_rank_cap,"McCaffrey, Mahomes among most common players on rosters of ESPN Fantasy Football champions",Tristan H. Cockcroft,2023-01-09,https://www.espn.com/fantasy/football/story/_/id/35412511/christian-mccaffrey-patrick-mahomes-austin-ekeler-travis-kelce,high,
2022,Tony Pollard,RB,DAL,47,11.0,100.4,drafted,250.7,on_champion_roster_ranked_table,,No,,Top 50,fixed_rank_cap,"McCaffrey, Mahomes among most common players on rosters of ESPN Fantasy Football champions",Tristan H. Cockcroft,2023-01-09,https://www.espn.com/fantasy/football/story/_/id/35412511/christian-mccaffrey-patrick-mahomes-austin-ekeler-travis-kelce,high,
2022,James Conner,RB,ARI,48,10.9,26.7,drafted,214.2,on_champion_roster_ranked_table,,No,,Top 50,fixed_rank_cap,"McCaffrey, Mahomes among most common players on rosters of ESPN Fantasy Football champions",Tristan H. Cockcroft,2023-01-09,https://www.espn.com/fantasy/football/story/_/id/35412511/christian-mccaffrey-patrick-mahomes-austin-ekeler-travis-kelce,high,
2022,Michael Pittman Jr.,WR,IND,49,10.9,33.9,drafted,244.6,on_champion_roster_ranked_table,,No,,Top 50,fixed_rank_cap,"McCaffrey, Mahomes among most common players on rosters of ESPN Fantasy Football champions",Tristan H. Cockcroft,2023-01-09,https://www.espn.com/fantasy/football/story/_/id/35412511/christian-mccaffrey-patrick-mahomes-austin-ekeler-travis-kelce,high,
2022,Alvin Kamara,RB,NO,50,10.8,11.9,drafted,232.7,on_champion_roster_ranked_table,,No,,Top 50,fixed_rank_cap,"McCaffrey, Mahomes among most common players on rosters of ESPN Fantasy Football champions",Tristan H. Cockcroft,2023-01-09,https://www.espn.com/fantasy/football/story/_/id/35412511/christian-mccaffrey-patrick-mahomes-austin-ekeler-travis-kelce,high,
2019,Breshad Perriman,WR,TB,1,27.2,,undrafted,138.1,on_champion_roster_ranked_table,,No,,championship-roster percentage >=10%,percentage_threshold,"Fantasy football: Christian McCaffrey, Breshad Perriman among most common players on fantasy championship rosters",Tristan H. Cockcroft,2019-12-30,https://www.espn.com/fantasy/football/story/_/id/28397128/fantasy-football-christian-mccaffrey-breshad-perriman-most-common-players-fantasy-championship-rosters,high,
2019,A.J. Brown,WR,TEN,2,26.8,,undrafted,217.1,on_champion_roster_ranked_table,,No,,championship-roster percentage >=10%,percentage_threshold,"Fantasy football: Christian McCaffrey, Breshad Perriman among most common players on fantasy championship rosters",Tristan H. Cockcroft,2019-12-30,https://www.espn.com/fantasy/football/story/_/id/28397128/fantasy-football-christian-mccaffrey-breshad-perriman-most-common-players-fantasy-championship-rosters,high,
2019,Christian McCaffrey,RB,CAR,3,25.4,2.8,drafted,471.2,on_champion_roster_ranked_table,,No,,championship-roster percentage >=10%,percentage_threshold,"Fantasy football: Christian McCaffrey, Breshad Perriman among most common players on fantasy championship rosters",Tristan H. Cockcroft,2019-12-30,https://www.espn.com/fantasy/football/story/_/id/28397128/fantasy-football-christian-mccaffrey-breshad-perriman-most-common-players-fantasy-championship-rosters,high,
2019,Tyler Higbee,TE,LAR,4,21.3,,undrafted,160.4,on_champion_roster_ranked_table,,No,,championship-roster percentage >=10%,percentage_threshold,"Fantasy football: Christian McCaffrey, Breshad Perriman among most common players on fantasy championship rosters",Tristan H. Cockcroft,2019-12-30,https://www.espn.com/fantasy/football/story/_/id/28397128/fantasy-football-christian-mccaffrey-breshad-perriman-most-common-players-fantasy-championship-rosters,high,
2019,DeVante Parker,WR,MIA,5,21.2,,undrafted,246.2,on_champion_roster_ranked_table,,No,,championship-roster percentage >=10%,percentage_threshold,"Fantasy football: Christian McCaffrey, Breshad Perriman among most common players on fantasy championship rosters",Tristan H. Cockcroft,2019-12-30,https://www.espn.com/fantasy/football/story/_/id/28397128/fantasy-football-christian-mccaffrey-breshad-perriman-most-common-players-fantasy-championship-rosters,high,
2019,Ryan Tannehill,QB,TEN,6,21.2,,undrafted,224.2,on_champion_roster_ranked_table,,No,,championship-roster percentage >=10%,percentage_threshold,"Fantasy football: Christian McCaffrey, Breshad Perriman among most common players on fantasy championship rosters",Tristan H. Cockcroft,2019-12-30,https://www.espn.com/fantasy/football/story/_/id/28397128/fantasy-football-christian-mccaffrey-breshad-perriman-most-common-players-fantasy-championship-rosters,high,
2019,Raheem Mostert,RB,SF,7,19.4,,undrafted,165.2,on_champion_roster_ranked_table,,No,,championship-roster percentage >=10%,percentage_threshold,"Fantasy football: Christian McCaffrey, Breshad Perriman among most common players on fantasy championship rosters",Tristan H. Cockcroft,2019-12-30,https://www.espn.com/fantasy/football/story/_/id/28397128/fantasy-football-christian-mccaffrey-breshad-perriman-most-common-players-fantasy-championship-rosters,high,
2019,Aaron Jones,RB,GB,8,19.4,39.7,drafted,314.8,on_champion_roster_ranked_table,,No,,championship-roster percentage >=10%,percentage_threshold,"Fantasy football: Christian McCaffrey, Breshad Perriman among most common players on fantasy championship rosters",Tristan H. Cockcroft,2019-12-30,https://www.espn.com/fantasy/football/story/_/id/28397128/fantasy-football-christian-mccaffrey-breshad-perriman-most-common-players-fantasy-championship-rosters,high,
2019,Lamar Jackson,QB,BAL,9,19.1,124.4,drafted,415.7,on_champion_roster_ranked_table,,No,,championship-roster percentage >=10%,percentage_threshold,"Fantasy football: Christian McCaffrey, Breshad Perriman among most common players on fantasy championship rosters",Tristan H. Cockcroft,2019-12-30,https://www.espn.com/fantasy/football/story/_/id/28397128/fantasy-football-christian-mccaffrey-breshad-perriman-most-common-players-fantasy-championship-rosters,high,
2019,Steelers D/ST,D/ST,PIT,10,18.4,,undrafted,181.0,on_champion_roster_ranked_table,,No,,championship-roster percentage >=10%,percentage_threshold,"Fantasy football: Christian McCaffrey, Breshad Perriman among most common players on fantasy championship rosters",Tristan H. Cockcroft,2019-12-30,https://www.espn.com/fantasy/football/story/_/id/28397128/fantasy-football-christian-mccaffrey-breshad-perriman-most-common-players-fantasy-championship-rosters,high,"Position is D/ST or K -- outside this project's QB/RB/WR/TE scope, kept for provenance, not for matching against our master DB."
2019,Darren Waller,TE,OAK,11,18.4,,undrafted,221.0,on_champion_roster_ranked_table,,No,,championship-roster percentage >=10%,percentage_threshold,"Fantasy football: Christian McCaffrey, Breshad Perriman among most common players on fantasy championship rosters",Tristan H. Cockcroft,2019-12-30,https://www.espn.com/fantasy/football/story/_/id/28397128/fantasy-football-christian-mccaffrey-breshad-perriman-most-common-players-fantasy-championship-rosters,high,
2019,Ravens D/ST,D/ST,BAL,12,18.1,,undrafted,152.0,on_champion_roster_ranked_table,,No,,championship-roster percentage >=10%,percentage_threshold,"Fantasy football: Christian McCaffrey, Breshad Perriman among most common players on fantasy championship rosters",Tristan H. Cockcroft,2019-12-30,https://www.espn.com/fantasy/football/story/_/id/28397128/fantasy-football-christian-mccaffrey-breshad-perriman-most-common-players-fantasy-championship-rosters,high,"Position is D/ST or K -- outside this project's QB/RB/WR/TE scope, kept for provenance, not for matching against our master DB."
2019,Austin Ekeler,RB,LAC,13,16.7,91.6,drafted,309.0,on_champion_roster_ranked_table,,No,,championship-roster percentage >=10%,percentage_threshold,"Fantasy football: Christian McCaffrey, Breshad Perriman among most common players on fantasy championship rosters",Tristan H. Cockcroft,2019-12-30,https://www.espn.com/fantasy/football/story/_/id/28397128/fantasy-football-christian-mccaffrey-breshad-perriman-most-common-players-fantasy-championship-rosters,high,
2019,Derrick Henry,RB,TEN,14,16.3,35.5,drafted,294.6,on_champion_roster_ranked_table,,No,,championship-roster percentage >=10%,percentage_threshold,"Fantasy football: Christian McCaffrey, Breshad Perriman among most common players on fantasy championship rosters",Tristan H. Cockcroft,2019-12-30,https://www.espn.com/fantasy/football/story/_/id/28397128/fantasy-football-christian-mccaffrey-breshad-perriman-most-common-players-fantasy-championship-rosters,high,
2019,Michael Thomas,WR,NO,15,16.3,10.0,drafted,374.6,on_champion_roster_ranked_table,,No,,championship-roster percentage >=10%,percentage_threshold,"Fantasy football: Christian McCaffrey, Breshad Perriman among most common players on fantasy championship rosters",Tristan H. Cockcroft,2019-12-30,https://www.espn.com/fantasy/football/story/_/id/28397128/fantasy-football-christian-mccaffrey-breshad-perriman-most-common-players-fantasy-championship-rosters,high,
2019,DeAndre Washington,RB,OAK,16,15.4,,undrafted,121.9,on_champion_roster_ranked_table,,No,,championship-roster percentage >=10%,percentage_threshold,"Fantasy football: Christian McCaffrey, Breshad Perriman among most common players on fantasy championship rosters",Tristan H. Cockcroft,2019-12-30,https://www.espn.com/fantasy/football/story/_/id/28397128/fantasy-football-christian-mccaffrey-breshad-perriman-most-common-players-fantasy-championship-rosters,high,
2019,Travis Kelce,TE,KC,17,15.4,17.2,drafted,254.3,on_champion_roster_ranked_table,,No,,championship-roster percentage >=10%,percentage_threshold,"Fantasy football: Christian McCaffrey, Breshad Perriman among most common players on fantasy championship rosters",Tristan H. Cockcroft,2019-12-30,https://www.espn.com/fantasy/football/story/_/id/28397128/fantasy-football-christian-mccaffrey-breshad-perriman-most-common-players-fantasy-championship-rosters,high,
2019,Dallas Goedert,TE,PHI,18,14.8,,undrafted,144.7,on_champion_roster_ranked_table,,No,,championship-roster percentage >=10%,percentage_threshold,"Fantasy football: Christian McCaffrey, Breshad Perriman among most common players on fantasy championship rosters",Tristan H. Cockcroft,2019-12-30,https://www.espn.com/fantasy/football/story/_/id/28397128/fantasy-football-christian-mccaffrey-breshad-perriman-most-common-players-fantasy-championship-rosters,high,
2019,DJ Chark Jr.,WR,JAX,19,14.7,,undrafted,225.8,on_champion_roster_ranked_table,,No,,championship-roster percentage >=10%,percentage_threshold,"Fantasy football: Christian McCaffrey, Breshad Perriman among most common players on fantasy championship rosters",Tristan H. Cockcroft,2019-12-30,https://www.espn.com/fantasy/football/story/_/id/28397128/fantasy-football-christian-mccaffrey-breshad-perriman-most-common-players-fantasy-championship-rosters,high,
2019,Harrison Butker,K,KC,20,14.2,123.3,drafted,162.0,on_champion_roster_ranked_table,,No,,championship-roster percentage >=10%,percentage_threshold,"Fantasy football: Christian McCaffrey, Breshad Perriman among most common players on fantasy championship rosters",Tristan H. Cockcroft,2019-12-30,https://www.espn.com/fantasy/football/story/_/id/28397128/fantasy-football-christian-mccaffrey-breshad-perriman-most-common-players-fantasy-championship-rosters,high,"Position is D/ST or K -- outside this project's QB/RB/WR/TE scope, kept for provenance, not for matching against our master DB."
2019,Patriots D/ST,D/ST,NE,21,14.2,141.7,drafted,225.0,on_champion_roster_ranked_table,,No,,championship-roster percentage >=10%,percentage_threshold,"Fantasy football: Christian McCaffrey, Breshad Perriman among most common players on fantasy championship rosters",Tristan H. Cockcroft,2019-12-30,https://www.espn.com/fantasy/football/story/_/id/28397128/fantasy-football-christian-mccaffrey-breshad-perriman-most-common-players-fantasy-championship-rosters,high,"Position is D/ST or K -- outside this project's QB/RB/WR/TE scope, kept for provenance, not for matching against our master DB."
2019,Drew Brees,QB,NO,22,14.2,71.6,drafted,224.8,on_champion_roster_ranked_table,,No,,championship-roster percentage >=10%,percentage_threshold,"Fantasy football: Christian McCaffrey, Breshad Perriman among most common players on fantasy championship rosters",Tristan H. Cockcroft,2019-12-30,https://www.espn.com/fantasy/football/story/_/id/28397128/fantasy-football-christian-mccaffrey-breshad-perriman-most-common-players-fantasy-championship-rosters,high,
2019,George Kittle,TE,SF,23,14.1,30.5,drafted,222.5,on_champion_roster_ranked_table,,No,,championship-roster percentage >=10%,percentage_threshold,"Fantasy football: Christian McCaffrey, Breshad Perriman among most common players on fantasy championship rosters",Tristan H. Cockcroft,2019-12-30,https://www.espn.com/fantasy/football/story/_/id/28397128/fantasy-football-christian-mccaffrey-breshad-perriman-most-common-players-fantasy-championship-rosters,high,
2019,Mark Andrews,TE,BAL,24,13.8,152.0,drafted,207.2,on_champion_roster_ranked_table,,No,,championship-roster percentage >=10%,percentage_threshold,"Fantasy football: Christian McCaffrey, Breshad Perriman among most common players on fantasy championship rosters",Tristan H. Cockcroft,2019-12-30,https://www.espn.com/fantasy/football/story/_/id/28397128/fantasy-football-christian-mccaffrey-breshad-perriman-most-common-players-fantasy-championship-rosters,high,
2019,Ezekiel Elliott,RB,DAL,25,13.6,5.8,drafted,311.7,on_champion_roster_ranked_table,,No,,championship-roster percentage >=10%,percentage_threshold,"Fantasy football: Christian McCaffrey, Breshad Perriman among most common players on fantasy championship rosters",Tristan H. Cockcroft,2019-12-30,https://www.espn.com/fantasy/football/story/_/id/28397128/fantasy-football-christian-mccaffrey-breshad-perriman-most-common-players-fantasy-championship-rosters,high,
2019,Kenyan Drake,RB,ARI,26,13.4,75.4,drafted,214.2,on_champion_roster_ranked_table,,No,,championship-roster percentage >=10%,percentage_threshold,"Fantasy football: Christian McCaffrey, Breshad Perriman among most common players on fantasy championship rosters",Tristan H. Cockcroft,2019-12-30,https://www.espn.com/fantasy/football/story/_/id/28397128/fantasy-football-christian-mccaffrey-breshad-perriman-most-common-players-fantasy-championship-rosters,high,
2019,Keenan Allen,WR,LAC,27,13.3,25.0,drafted,261.5,on_champion_roster_ranked_table,,No,,championship-roster percentage >=10%,percentage_threshold,"Fantasy football: Christian McCaffrey, Breshad Perriman among most common players on fantasy championship rosters",Tristan H. Cockcroft,2019-12-30,https://www.espn.com/fantasy/football/story/_/id/28397128/fantasy-football-christian-mccaffrey-breshad-perriman-most-common-players-fantasy-championship-rosters,high,
2019,Wil Lutz,K,NO,28,12.9,122.2,drafted,159.0,on_champion_roster_ranked_table,,No,,championship-roster percentage >=10%,percentage_threshold,"Fantasy football: Christian McCaffrey, Breshad Perriman among most common players on fantasy championship rosters",Tristan H. Cockcroft,2019-12-30,https://www.espn.com/fantasy/football/story/_/id/28397128/fantasy-football-christian-mccaffrey-breshad-perriman-most-common-players-fantasy-championship-rosters,high,"Position is D/ST or K -- outside this project's QB/RB/WR/TE scope, kept for provenance, not for matching against our master DB."
2019,Jameis Winston,QB,TB,29,12.8,153.6,drafted,305.4,on_champion_roster_ranked_table,,No,,championship-roster percentage >=10%,percentage_threshold,"Fantasy football: Christian McCaffrey, Breshad Perriman among most common players on fantasy championship rosters",Tristan H. Cockcroft,2019-12-30,https://www.espn.com/fantasy/football/story/_/id/28397128/fantasy-football-christian-mccaffrey-breshad-perriman-most-common-players-fantasy-championship-rosters,high,
2019,Kareem Hunt,RB,CLE,30,12.5,145.6,drafted,101.4,on_champion_roster_ranked_table,,No,,championship-roster percentage >=10%,percentage_threshold,"Fantasy football: Christian McCaffrey, Breshad Perriman among most common players on fantasy championship rosters",Tristan H. Cockcroft,2019-12-30,https://www.espn.com/fantasy/football/story/_/id/28397128/fantasy-football-christian-mccaffrey-breshad-perriman-most-common-players-fantasy-championship-rosters,high,
2019,49ers D/ST,D/ST,SF,31,12.5,,undrafted,165.0,on_champion_roster_ranked_table,,No,,championship-roster percentage >=10%,percentage_threshold,"Fantasy football: Christian McCaffrey, Breshad Perriman among most common players on fantasy championship rosters",Tristan H. Cockcroft,2019-12-30,https://www.espn.com/fantasy/football/story/_/id/28397128/fantasy-football-christian-mccaffrey-breshad-perriman-most-common-players-fantasy-championship-rosters,high,"Position is D/ST or K -- outside this project's QB/RB/WR/TE scope, kept for provenance, not for matching against our master DB."
2019,Marlon Mack,RB,IND,32,12.2,64.6,drafted,181.3,on_champion_roster_ranked_table,,No,,championship-roster percentage >=10%,percentage_threshold,"Fantasy football: Christian McCaffrey, Breshad Perriman among most common players on fantasy championship rosters",Tristan H. Cockcroft,2019-12-30,https://www.espn.com/fantasy/football/story/_/id/28397128/fantasy-football-christian-mccaffrey-breshad-perriman-most-common-players-fantasy-championship-rosters,high,
2019,Cooper Kupp,WR,LAR,33,12.1,52.2,drafted,270.5,on_champion_roster_ranked_table,,No,,championship-roster percentage >=10%,percentage_threshold,"Fantasy football: Christian McCaffrey, Breshad Perriman among most common players on fantasy championship rosters",Tristan H. Cockcroft,2019-12-30,https://www.espn.com/fantasy/football/story/_/id/28397128/fantasy-football-christian-mccaffrey-breshad-perriman-most-common-players-fantasy-championship-rosters,high,
2019,Julio Jones,WR,ATL,34,12.0,12.2,drafted,274.1,on_champion_roster_ranked_table,,No,,championship-roster percentage >=10%,percentage_threshold,"Fantasy football: Christian McCaffrey, Breshad Perriman among most common players on fantasy championship rosters",Tristan H. Cockcroft,2019-12-30,https://www.espn.com/fantasy/football/story/_/id/28397128/fantasy-football-christian-mccaffrey-breshad-perriman-most-common-players-fantasy-championship-rosters,high,
2019,Mike Boone,RB,MIN,35,12.0,,undrafted,50.0,on_champion_roster_ranked_table,,No,,championship-roster percentage >=10%,percentage_threshold,"Fantasy football: Christian McCaffrey, Breshad Perriman among most common players on fantasy championship rosters",Tristan H. Cockcroft,2019-12-30,https://www.espn.com/fantasy/football/story/_/id/28397128/fantasy-football-christian-mccaffrey-breshad-perriman-most-common-players-fantasy-championship-rosters,high,
2019,Saquon Barkley,RB,NYG,36,11.9,1.3,drafted,244.1,on_champion_roster_ranked_table,,No,,championship-roster percentage >=10%,percentage_threshold,"Fantasy football: Christian McCaffrey, Breshad Perriman among most common players on fantasy championship rosters",Tristan H. Cockcroft,2019-12-30,https://www.espn.com/fantasy/football/story/_/id/28397128/fantasy-football-christian-mccaffrey-breshad-perriman-most-common-players-fantasy-championship-rosters,high,
2019,Joe Mixon,RB,CIN,37,11.8,18.3,drafted,225.4,on_champion_roster_ranked_table,,No,,championship-roster percentage >=10%,percentage_threshold,"Fantasy football: Christian McCaffrey, Breshad Perriman among most common players on fantasy championship rosters",Tristan H. Cockcroft,2019-12-30,https://www.espn.com/fantasy/football/story/_/id/28397128/fantasy-football-christian-mccaffrey-breshad-perriman-most-common-players-fantasy-championship-rosters,high,
2019,Dak Prescott,QB,DAL,38,11.7,92.1,drafted,337.8,on_champion_roster_ranked_table,,No,,championship-roster percentage >=10%,percentage_threshold,"Fantasy football: Christian McCaffrey, Breshad Perriman among most common players on fantasy championship rosters",Tristan H. Cockcroft,2019-12-30,https://www.espn.com/fantasy/football/story/_/id/28397128/fantasy-football-christian-mccaffrey-breshad-perriman-most-common-players-fantasy-championship-rosters,high,
2019,Robert Woods,WR,LAR,39,11.6,44.8,drafted,232.9,on_champion_roster_ranked_table,,No,,championship-roster percentage >=10%,percentage_threshold,"Fantasy football: Christian McCaffrey, Breshad Perriman among most common players on fantasy championship rosters",Tristan H. Cockcroft,2019-12-30,https://www.espn.com/fantasy/football/story/_/id/28397128/fantasy-football-christian-mccaffrey-breshad-perriman-most-common-players-fantasy-championship-rosters,high,
2019,Miles Sanders,RB,PHI,40,11.4,88.9,drafted,218.7,on_champion_roster_ranked_table,,No,,championship-roster percentage >=10%,percentage_threshold,"Fantasy football: Christian McCaffrey, Breshad Perriman among most common players on fantasy championship rosters",Tristan H. Cockcroft,2019-12-30,https://www.espn.com/fantasy/football/story/_/id/28397128/fantasy-football-christian-mccaffrey-breshad-perriman-most-common-players-fantasy-championship-rosters,high,
2019,Austin Hooper,TE,ATL,41,11.0,110.5,drafted,191.7,on_champion_roster_ranked_table,,No,,championship-roster percentage >=10%,percentage_threshold,"Fantasy football: Christian McCaffrey, Breshad Perriman among most common players on fantasy championship rosters",Tristan H. Cockcroft,2019-12-30,https://www.espn.com/fantasy/football/story/_/id/28397128/fantasy-football-christian-mccaffrey-breshad-perriman-most-common-players-fantasy-championship-rosters,high,
2019,Jared Cook,TE,NO,42,10.9,65.4,drafted,167.5,on_champion_roster_ranked_table,,No,,championship-roster percentage >=10%,percentage_threshold,"Fantasy football: Christian McCaffrey, Breshad Perriman among most common players on fantasy championship rosters",Tristan H. Cockcroft,2019-12-30,https://www.espn.com/fantasy/football/story/_/id/28397128/fantasy-football-christian-mccaffrey-breshad-perriman-most-common-players-fantasy-championship-rosters,high,
2019,Carson Wentz,QB,PHI,43,10.7,77.5,drafted,275.9,on_champion_roster_ranked_table,,No,,championship-roster percentage >=10%,percentage_threshold,"Fantasy football: Christian McCaffrey, Breshad Perriman among most common players on fantasy championship rosters",Tristan H. Cockcroft,2019-12-30,https://www.espn.com/fantasy/football/story/_/id/28397128/fantasy-football-christian-mccaffrey-breshad-perriman-most-common-players-fantasy-championship-rosters,high,
2019,Allen Robinson II,WR,CHI,44,10.7,73.4,drafted,254.9,on_champion_roster_ranked_table,,No,,championship-roster percentage >=10%,percentage_threshold,"Fantasy football: Christian McCaffrey, Breshad Perriman among most common players on fantasy championship rosters",Tristan H. Cockcroft,2019-12-30,https://www.espn.com/fantasy/football/story/_/id/28397128/fantasy-football-christian-mccaffrey-breshad-perriman-most-common-players-fantasy-championship-rosters,high,
2019,Dalvin Cook,RB,MIN,45,10.6,20.6,drafted,292.4,on_champion_roster_ranked_table,,No,,championship-roster percentage >=10%,percentage_threshold,"Fantasy football: Christian McCaffrey, Breshad Perriman among most common players on fantasy championship rosters",Tristan H. Cockcroft,2019-12-30,https://www.espn.com/fantasy/football/story/_/id/28397128/fantasy-football-christian-mccaffrey-breshad-perriman-most-common-players-fantasy-championship-rosters,high,
2019,Kenny Golladay,WR,DET,46,10.6,50.3,drafted,248.0,on_champion_roster_ranked_table,,No,,championship-roster percentage >=10%,percentage_threshold,"Fantasy football: Christian McCaffrey, Breshad Perriman among most common players on fantasy championship rosters",Tristan H. Cockcroft,2019-12-30,https://www.espn.com/fantasy/football/story/_/id/28397128/fantasy-football-christian-mccaffrey-breshad-perriman-most-common-players-fantasy-championship-rosters,high,
2019,Tyler Boyd,WR,CIN,47,10.6,68.6,drafted,222.9,on_champion_roster_ranked_table,,No,,championship-roster percentage >=10%,percentage_threshold,"Fantasy football: Christian McCaffrey, Breshad Perriman among most common players on fantasy championship rosters",Tristan H. Cockcroft,2019-12-30,https://www.espn.com/fantasy/football/story/_/id/28397128/fantasy-football-christian-mccaffrey-breshad-perriman-most-common-players-fantasy-championship-rosters,high,
2019,Melvin Gordon,RB,LAC,48,10.6,45.2,drafted,180.8,on_champion_roster_ranked_table,,No,,championship-roster percentage >=10%,percentage_threshold,"Fantasy football: Christian McCaffrey, Breshad Perriman among most common players on fantasy championship rosters",Tristan H. Cockcroft,2019-12-30,https://www.espn.com/fantasy/football/story/_/id/28397128/fantasy-football-christian-mccaffrey-breshad-perriman-most-common-players-fantasy-championship-rosters,high,
2019,Nick Chubb,RB,CLE,49,10.5,20.6,drafted,255.2,on_champion_roster_ranked_table,,No,,championship-roster percentage >=10%,percentage_threshold,"Fantasy football: Christian McCaffrey, Breshad Perriman among most common players on fantasy championship rosters",Tristan H. Cockcroft,2019-12-30,https://www.espn.com/fantasy/football/story/_/id/28397128/fantasy-football-christian-mccaffrey-breshad-perriman-most-common-players-fantasy-championship-rosters,high,
2019,Michael Gallup,WR,DAL,50,10.5,120.4,drafted,212.7,on_champion_roster_ranked_table,,No,,championship-roster percentage >=10%,percentage_threshold,"Fantasy football: Christian McCaffrey, Breshad Perriman among most common players on fantasy championship rosters",Tristan H. Cockcroft,2019-12-30,https://www.espn.com/fantasy/football/story/_/id/28397128/fantasy-football-christian-mccaffrey-breshad-perriman-most-common-players-fantasy-championship-rosters,high,
2019,Russell Wilson,QB,SEA,51,10.4,101.6,drafted,328.6,on_champion_roster_ranked_table,,No,,championship-roster percentage >=10%,percentage_threshold,"Fantasy football: Christian McCaffrey, Breshad Perriman among most common players on fantasy championship rosters",Tristan H. Cockcroft,2019-12-30,https://www.espn.com/fantasy/football/story/_/id/28397128/fantasy-football-christian-mccaffrey-breshad-perriman-most-common-players-fantasy-championship-rosters,high,
2019,Bills D/ST,D/ST,BUF,52,10.3,122.1,drafted,131.0,on_champion_roster_ranked_table,,No,,championship-roster percentage >=10%,percentage_threshold,"Fantasy football: Christian McCaffrey, Breshad Perriman among most common players on fantasy championship rosters",Tristan H. Cockcroft,2019-12-30,https://www.espn.com/fantasy/football/story/_/id/28397128/fantasy-football-christian-mccaffrey-breshad-perriman-most-common-players-fantasy-championship-rosters,high,"Position is D/ST or K -- outside this project's QB/RB/WR/TE scope, kept for provenance, not for matching against our master DB."
2019,John Brown,WR,BUF,53,10.3,,undrafted,219.8,on_champion_roster_ranked_table,,No,,championship-roster percentage >=10%,percentage_threshold,"Fantasy football: Christian McCaffrey, Breshad Perriman among most common players on fantasy championship rosters",Tristan H. Cockcroft,2019-12-30,https://www.espn.com/fantasy/football/story/_/id/28397128/fantasy-football-christian-mccaffrey-breshad-perriman-most-common-players-fantasy-championship-rosters,high,
2019,Damien Williams,RB,KC,54,10.2,63.4,drafted,141.1,on_champion_roster_ranked_table,,No,,championship-roster percentage >=10%,percentage_threshold,"Fantasy football: Christian McCaffrey, Breshad Perriman among most common players on fantasy championship rosters",Tristan H. Cockcroft,2019-12-30,https://www.espn.com/fantasy/football/story/_/id/28397128/fantasy-football-christian-mccaffrey-breshad-perriman-most-common-players-fantasy-championship-rosters,high,
2019,Deshaun Watson,QB,HOU,55,10.2,42.1,drafted,321.0,on_champion_roster_ranked_table,,No,,championship-roster percentage >=10%,percentage_threshold,"Fantasy football: Christian McCaffrey, Breshad Perriman among most common players on fantasy championship rosters",Tristan H. Cockcroft,2019-12-30,https://www.espn.com/fantasy/football/story/_/id/28397128/fantasy-football-christian-mccaffrey-breshad-perriman-most-common-players-fantasy-championship-rosters,high,
2019,Chris Godwin,WR,TB,56,10.2,59.6,drafted,276.1,on_champion_roster_ranked_table,,No,,championship-roster percentage >=10%,percentage_threshold,"Fantasy football: Christian McCaffrey, Breshad Perriman among most common players on fantasy championship rosters",Tristan H. Cockcroft,2019-12-30,https://www.espn.com/fantasy/football/story/_/id/28397128/fantasy-football-christian-mccaffrey-breshad-perriman-most-common-players-fantasy-championship-rosters,high,
2019,Justin Tucker,K,BAL,57,10.1,104.8,drafted,152.0,on_champion_roster_ranked_table,,No,,championship-roster percentage >=10%,percentage_threshold,"Fantasy football: Christian McCaffrey, Breshad Perriman among most common players on fantasy championship rosters",Tristan H. Cockcroft,2019-12-30,https://www.espn.com/fantasy/football/story/_/id/28397128/fantasy-football-christian-mccaffrey-breshad-perriman-most-common-players-fantasy-championship-rosters,high,"Position is D/ST or K -- outside this project's QB/RB/WR/TE scope, kept for provenance, not for matching against our master DB."
2018,Christian McCaffrey,RB,CAR,1,37.8,17.8,drafted,385.5,on_champion_roster_ranked_table,,No,,championship-roster percentage >=15%,percentage_threshold,"Christian McCaffrey, Patrick Mahomes and Nick Chubb among most common members of ESPN championship teams",Tristan H. Cockcroft,2018-12-31,https://www.espn.com/fantasy/football/story/_/id/25654815/fantasy-football-christian-mccaffrey-patrick-mahomes-nick-chubb-most-common-members-espn-championship-teams,high,
2018,Patrick Mahomes,QB,KC,2,35.5,118.1,drafted,417.1,on_champion_roster_ranked_table,,No,,championship-roster percentage >=15%,percentage_threshold,"Christian McCaffrey, Patrick Mahomes and Nick Chubb among most common members of ESPN championship teams",Tristan H. Cockcroft,2018-12-31,https://www.espn.com/fantasy/football/story/_/id/25654815/fantasy-football-christian-mccaffrey-patrick-mahomes-nick-chubb-most-common-members-espn-championship-teams,high,
2018,Travis Kelce,TE,KC,3,33.2,26.6,drafted,294.6,on_champion_roster_ranked_table,,No,,championship-roster percentage >=15%,percentage_threshold,"Christian McCaffrey, Patrick Mahomes and Nick Chubb among most common members of ESPN championship teams",Tristan H. Cockcroft,2018-12-31,https://www.espn.com/fantasy/football/story/_/id/25654815/fantasy-football-christian-mccaffrey-patrick-mahomes-nick-chubb-most-common-members-espn-championship-teams,high,
2018,Adam Thielen,WR,MIN,4,33.0,35.2,drafted,307.3,on_champion_roster_ranked_table,,No,,championship-roster percentage >=15%,percentage_threshold,"Christian McCaffrey, Patrick Mahomes and Nick Chubb among most common members of ESPN championship teams",Tristan H. Cockcroft,2018-12-31,https://www.espn.com/fantasy/football/story/_/id/25654815/fantasy-football-christian-mccaffrey-patrick-mahomes-nick-chubb-most-common-members-espn-championship-teams,high,
2018,Nick Chubb,RB,CLE,5,31.8,134.2,drafted,194.5,on_champion_roster_ranked_table,,No,,championship-roster percentage >=15%,percentage_threshold,"Christian McCaffrey, Patrick Mahomes and Nick Chubb among most common members of ESPN championship teams",Tristan H. Cockcroft,2018-12-31,https://www.espn.com/fantasy/football/story/_/id/25654815/fantasy-football-christian-mccaffrey-patrick-mahomes-nick-chubb-most-common-members-espn-championship-teams,high,
2018,Saquon Barkley,RB,NYG,6,31.2,7.0,drafted,385.8,on_champion_roster_ranked_table,,No,,championship-roster percentage >=15%,percentage_threshold,"Christian McCaffrey, Patrick Mahomes and Nick Chubb among most common members of ESPN championship teams",Tristan H. Cockcroft,2018-12-31,https://www.espn.com/fantasy/football/story/_/id/25654815/fantasy-football-christian-mccaffrey-patrick-mahomes-nick-chubb-most-common-members-espn-championship-teams,high,
2018,Tyreek Hill,WR,KC,7,31.0,32.1,drafted,334.0,on_champion_roster_ranked_table,,No,,championship-roster percentage >=15%,percentage_threshold,"Christian McCaffrey, Patrick Mahomes and Nick Chubb among most common members of ESPN championship teams",Tristan H. Cockcroft,2018-12-31,https://www.espn.com/fantasy/football/story/_/id/25654815/fantasy-football-christian-mccaffrey-patrick-mahomes-nick-chubb-most-common-members-espn-championship-teams,high,
2018,Bears D/ST,D/ST,CHI,8,30.9,133.8,drafted,188.0,on_champion_roster_ranked_table,,No,,championship-roster percentage >=15%,percentage_threshold,"Christian McCaffrey, Patrick Mahomes and Nick Chubb among most common members of ESPN championship teams",Tristan H. Cockcroft,2018-12-31,https://www.espn.com/fantasy/football/story/_/id/25654815/fantasy-football-christian-mccaffrey-patrick-mahomes-nick-chubb-most-common-members-espn-championship-teams,high,"Position is D/ST or K -- outside this project's QB/RB/WR/TE scope, kept for provenance, not for matching against our master DB."
2018,JuJu Smith-Schuster,WR,PIT,9,30.8,51.4,drafted,296.9,on_champion_roster_ranked_table,,No,,championship-roster percentage >=15%,percentage_threshold,"Christian McCaffrey, Patrick Mahomes and Nick Chubb among most common members of ESPN championship teams",Tristan H. Cockcroft,2018-12-31,https://www.espn.com/fantasy/football/story/_/id/25654815/fantasy-football-christian-mccaffrey-patrick-mahomes-nick-chubb-most-common-members-espn-championship-teams,high,
2018,Zach Ertz,TE,PHI,10,29.4,34.5,drafted,280.3,on_champion_roster_ranked_table,,No,,championship-roster percentage >=15%,percentage_threshold,"Christian McCaffrey, Patrick Mahomes and Nick Chubb among most common members of ESPN championship teams",Tristan H. Cockcroft,2018-12-31,https://www.espn.com/fantasy/football/story/_/id/25654815/fantasy-football-christian-mccaffrey-patrick-mahomes-nick-chubb-most-common-members-espn-championship-teams,high,
2018,Alvin Kamara,RB,NO,11,28.8,7.3,drafted,354.2,on_champion_roster_ranked_table,,No,,championship-roster percentage >=15%,percentage_threshold,"Christian McCaffrey, Patrick Mahomes and Nick Chubb among most common members of ESPN championship teams",Tristan H. Cockcroft,2018-12-31,https://www.espn.com/fantasy/football/story/_/id/25654815/fantasy-football-christian-mccaffrey-patrick-mahomes-nick-chubb-most-common-members-espn-championship-teams,high,
2018,Greg Zuerlein,K,LAR,12,26.9,100.3,drafted,124.0,on_champion_roster_ranked_table,,No,,championship-roster percentage >=15%,percentage_threshold,"Christian McCaffrey, Patrick Mahomes and Nick Chubb among most common members of ESPN championship teams",Tristan H. Cockcroft,2018-12-31,https://www.espn.com/fantasy/football/story/_/id/25654815/fantasy-football-christian-mccaffrey-patrick-mahomes-nick-chubb-most-common-members-espn-championship-teams,high,"Position is D/ST or K -- outside this project's QB/RB/WR/TE scope, kept for provenance, not for matching against our master DB."
2018,George Kittle,TE,SF,13,25.6,135.7,drafted,258.7,on_champion_roster_ranked_table,,No,,championship-roster percentage >=15%,percentage_threshold,"Christian McCaffrey, Patrick Mahomes and Nick Chubb among most common members of ESPN championship teams",Tristan H. Cockcroft,2018-12-31,https://www.espn.com/fantasy/football/story/_/id/25654815/fantasy-football-christian-mccaffrey-patrick-mahomes-nick-chubb-most-common-members-espn-championship-teams,high,
2018,Davante Adams,WR,GB,14,25.5,22.5,drafted,329.6,on_champion_roster_ranked_table,,No,,championship-roster percentage >=15%,percentage_threshold,"Christian McCaffrey, Patrick Mahomes and Nick Chubb among most common members of ESPN championship teams",Tristan H. Cockcroft,2018-12-31,https://www.espn.com/fantasy/football/story/_/id/25654815/fantasy-football-christian-mccaffrey-patrick-mahomes-nick-chubb-most-common-members-espn-championship-teams,high,
2018,Phillip Lindsay,RB,DEN,15,25.2,,undrafted,222.8,on_champion_roster_ranked_table,,No,,championship-roster percentage >=15%,percentage_threshold,"Christian McCaffrey, Patrick Mahomes and Nick Chubb among most common members of ESPN championship teams",Tristan H. Cockcroft,2018-12-31,https://www.espn.com/fantasy/football/story/_/id/25654815/fantasy-football-christian-mccaffrey-patrick-mahomes-nick-chubb-most-common-members-espn-championship-teams,high,
2018,Melvin Gordon,RB,LAC,16,23.8,15.2,drafted,275.5,on_champion_roster_ranked_table,,No,,championship-roster percentage >=15%,percentage_threshold,"Christian McCaffrey, Patrick Mahomes and Nick Chubb among most common members of ESPN championship teams",Tristan H. Cockcroft,2018-12-31,https://www.espn.com/fantasy/football/story/_/id/25654815/fantasy-football-christian-mccaffrey-patrick-mahomes-nick-chubb-most-common-members-espn-championship-teams,high,
2018,Ezekiel Elliott,RB,DAL,17,23.7,4.1,drafted,329.1,on_champion_roster_ranked_table,,No,,championship-roster percentage >=15%,percentage_threshold,"Christian McCaffrey, Patrick Mahomes and Nick Chubb among most common members of ESPN championship teams",Tristan H. Cockcroft,2018-12-31,https://www.espn.com/fantasy/football/story/_/id/25654815/fantasy-football-christian-mccaffrey-patrick-mahomes-nick-chubb-most-common-members-espn-championship-teams,high,
2018,Stefon Diggs,WR,MIN,18,23.2,32.2,drafted,266.3,on_champion_roster_ranked_table,,No,,championship-roster percentage >=15%,percentage_threshold,"Christian McCaffrey, Patrick Mahomes and Nick Chubb among most common members of ESPN championship teams",Tristan H. Cockcroft,2018-12-31,https://www.espn.com/fantasy/football/story/_/id/25654815/fantasy-football-christian-mccaffrey-patrick-mahomes-nick-chubb-most-common-members-espn-championship-teams,high,
2018,Jaylen Samuels,RB,PIT,19,23.0,,undrafted,89.5,on_champion_roster_ranked_table,,No,,championship-roster percentage >=15%,percentage_threshold,"Christian McCaffrey, Patrick Mahomes and Nick Chubb among most common members of ESPN championship teams",Tristan H. Cockcroft,2018-12-31,https://www.espn.com/fantasy/football/story/_/id/25654815/fantasy-football-christian-mccaffrey-patrick-mahomes-nick-chubb-most-common-members-espn-championship-teams,high,
2018,Michael Thomas,WR,NO,20,22.7,18.4,drafted,315.5,on_champion_roster_ranked_table,,No,,championship-roster percentage >=15%,percentage_threshold,"Christian McCaffrey, Patrick Mahomes and Nick Chubb among most common members of ESPN championship teams",Tristan H. Cockcroft,2018-12-31,https://www.espn.com/fantasy/football/story/_/id/25654815/fantasy-football-christian-mccaffrey-patrick-mahomes-nick-chubb-most-common-members-espn-championship-teams,high,
2018,Ka'imi Fairbairn,K,HOU,21,21.6,,undrafted,165.0,on_champion_roster_ranked_table,,No,,championship-roster percentage >=15%,percentage_threshold,"Christian McCaffrey, Patrick Mahomes and Nick Chubb among most common members of ESPN championship teams",Tristan H. Cockcroft,2018-12-31,https://www.espn.com/fantasy/football/story/_/id/25654815/fantasy-football-christian-mccaffrey-patrick-mahomes-nick-chubb-most-common-members-espn-championship-teams,high,"Position is D/ST or K -- outside this project's QB/RB/WR/TE scope, kept for provenance, not for matching against our master DB."
2018,Rams D/ST,D/ST,LAR,22,21.5,90.1,drafted,131.0,on_champion_roster_ranked_table,,No,,championship-roster percentage >=15%,percentage_threshold,"Christian McCaffrey, Patrick Mahomes and Nick Chubb among most common members of ESPN championship teams",Tristan H. Cockcroft,2018-12-31,https://www.espn.com/fantasy/football/story/_/id/25654815/fantasy-football-christian-mccaffrey-patrick-mahomes-nick-chubb-most-common-members-espn-championship-teams,high,"Position is D/ST or K -- outside this project's QB/RB/WR/TE scope, kept for provenance, not for matching against our master DB."
2018,Justin Tucker,K,BAL,23,21.5,118.5,drafted,156.0,on_champion_roster_ranked_table,,No,,championship-roster percentage >=15%,percentage_threshold,"Christian McCaffrey, Patrick Mahomes and Nick Chubb among most common members of ESPN championship teams",Tristan H. Cockcroft,2018-12-31,https://www.espn.com/fantasy/football/story/_/id/25654815/fantasy-football-christian-mccaffrey-patrick-mahomes-nick-chubb-most-common-members-espn-championship-teams,high,"Position is D/ST or K -- outside this project's QB/RB/WR/TE scope, kept for provenance, not for matching against our master DB."
2018,Brandin Cooks,WR,LAR,24,20.5,50.0,drafted,243.2,on_champion_roster_ranked_table,,No,,championship-roster percentage >=15%,percentage_threshold,"Christian McCaffrey, Patrick Mahomes and Nick Chubb among most common members of ESPN championship teams",Tristan H. Cockcroft,2018-12-31,https://www.espn.com/fantasy/football/story/_/id/25654815/fantasy-football-christian-mccaffrey-patrick-mahomes-nick-chubb-most-common-members-espn-championship-teams,high,
2018,Titans D/ST,D/ST,TEN,25,20.5,142.3,drafted,113.0,on_champion_roster_ranked_table,,No,,championship-roster percentage >=15%,percentage_threshold,"Christian McCaffrey, Patrick Mahomes and Nick Chubb among most common members of ESPN championship teams",Tristan H. Cockcroft,2018-12-31,https://www.espn.com/fantasy/football/story/_/id/25654815/fantasy-football-christian-mccaffrey-patrick-mahomes-nick-chubb-most-common-members-espn-championship-teams,high,"Position is D/ST or K -- outside this project's QB/RB/WR/TE scope, kept for provenance, not for matching against our master DB."
2018,Wil Lutz,K,NO,26,20.4,141.2,drafted,149.0,on_champion_roster_ranked_table,,No,,championship-roster percentage >=15%,percentage_threshold,"Christian McCaffrey, Patrick Mahomes and Nick Chubb among most common members of ESPN championship teams",Tristan H. Cockcroft,2018-12-31,https://www.espn.com/fantasy/football/story/_/id/25654815/fantasy-football-christian-mccaffrey-patrick-mahomes-nick-chubb-most-common-members-espn-championship-teams,high,"Position is D/ST or K -- outside this project's QB/RB/WR/TE scope, kept for provenance, not for matching against our master DB."
2018,Joe Mixon,RB,CIN,27,20.0,30.2,drafted,243.4,on_champion_roster_ranked_table,,No,,championship-roster percentage >=15%,percentage_threshold,"Christian McCaffrey, Patrick Mahomes and Nick Chubb among most common members of ESPN championship teams",Tristan H. Cockcroft,2018-12-31,https://www.espn.com/fantasy/football/story/_/id/25654815/fantasy-football-christian-mccaffrey-patrick-mahomes-nick-chubb-most-common-members-espn-championship-teams,high,
2018,Eric Ebron,TE,IND,28,20.0,,undrafted,222.2,on_champion_roster_ranked_table,,No,,championship-roster percentage >=15%,percentage_threshold,"Christian McCaffrey, Patrick Mahomes and Nick Chubb among most common members of ESPN championship teams",Tristan H. Cockcroft,2018-12-31,https://www.espn.com/fantasy/football/story/_/id/25654815/fantasy-football-christian-mccaffrey-patrick-mahomes-nick-chubb-most-common-members-espn-championship-teams,high,
2018,Julian Edelman,WR,NE,29,19.9,94.3,drafted,207.4,on_champion_roster_ranked_table,,No,,championship-roster percentage >=15%,percentage_threshold,"Christian McCaffrey, Patrick Mahomes and Nick Chubb among most common members of ESPN championship teams",Tristan H. Cockcroft,2018-12-31,https://www.espn.com/fantasy/football/story/_/id/25654815/fantasy-football-christian-mccaffrey-patrick-mahomes-nick-chubb-most-common-members-espn-championship-teams,high,
2018,Robert Woods,WR,LAR,30,19.8,71.9,drafted,265.6,on_champion_roster_ranked_table,,No,,championship-roster percentage >=15%,percentage_threshold,"Christian McCaffrey, Patrick Mahomes and Nick Chubb among most common members of ESPN championship teams",Tristan H. Cockcroft,2018-12-31,https://www.espn.com/fantasy/football/story/_/id/25654815/fantasy-football-christian-mccaffrey-patrick-mahomes-nick-chubb-most-common-members-espn-championship-teams,high,
2018,Drew Brees,QB,NO,31,19.1,74.1,drafted,305.0,on_champion_roster_ranked_table,,No,,championship-roster percentage >=15%,percentage_threshold,"Christian McCaffrey, Patrick Mahomes and Nick Chubb among most common members of ESPN championship teams",Tristan H. Cockcroft,2018-12-31,https://www.espn.com/fantasy/football/story/_/id/25654815/fantasy-football-christian-mccaffrey-patrick-mahomes-nick-chubb-most-common-members-espn-championship-teams,high,
2018,Amari Cooper,WR,OAK/DAL,32,18.8,39.9,drafted,215.5,on_champion_roster_ranked_table,,No,,championship-roster percentage >=15%,percentage_threshold,"Christian McCaffrey, Patrick Mahomes and Nick Chubb among most common members of ESPN championship teams",Tristan H. Cockcroft,2018-12-31,https://www.espn.com/fantasy/football/story/_/id/25654815/fantasy-football-christian-mccaffrey-patrick-mahomes-nick-chubb-most-common-members-espn-championship-teams,high,
2018,Tarik Cohen,RB,CHI,33,18.8,104.6,drafted,233.9,on_champion_roster_ranked_table,,No,,championship-roster percentage >=15%,percentage_threshold,"Christian McCaffrey, Patrick Mahomes and Nick Chubb among most common members of ESPN championship teams",Tristan H. Cockcroft,2018-12-31,https://www.espn.com/fantasy/football/story/_/id/25654815/fantasy-football-christian-mccaffrey-patrick-mahomes-nick-chubb-most-common-members-espn-championship-teams,high,
2018,Damien Williams,RB,KC,34,18.4,,undrafted,98.6,on_champion_roster_ranked_table,,No,,championship-roster percentage >=15%,percentage_threshold,"Christian McCaffrey, Patrick Mahomes and Nick Chubb among most common members of ESPN championship teams",Tristan H. Cockcroft,2018-12-31,https://www.espn.com/fantasy/football/story/_/id/25654815/fantasy-football-christian-mccaffrey-patrick-mahomes-nick-chubb-most-common-members-espn-championship-teams,high,
2018,DeAndre Hopkins,WR,HOU,35,18.2,10.7,drafted,333.5,on_champion_roster_ranked_table,,No,,championship-roster percentage >=15%,percentage_threshold,"Christian McCaffrey, Patrick Mahomes and Nick Chubb among most common members of ESPN championship teams",Tristan H. Cockcroft,2018-12-31,https://www.espn.com/fantasy/football/story/_/id/25654815/fantasy-football-christian-mccaffrey-patrick-mahomes-nick-chubb-most-common-members-espn-championship-teams,high,
2018,T.Y. Hilton,WR,IND,36,18.2,31.0,drafted,239.0,on_champion_roster_ranked_table,,No,,championship-roster percentage >=15%,percentage_threshold,"Christian McCaffrey, Patrick Mahomes and Nick Chubb among most common members of ESPN championship teams",Tristan H. Cockcroft,2018-12-31,https://www.espn.com/fantasy/football/story/_/id/25654815/fantasy-football-christian-mccaffrey-patrick-mahomes-nick-chubb-most-common-members-espn-championship-teams,high,
2018,Mike Evans,WR,TB,37,18.1,26.3,drafted,290.4,on_champion_roster_ranked_table,,No,,championship-roster percentage >=15%,percentage_threshold,"Christian McCaffrey, Patrick Mahomes and Nick Chubb among most common members of ESPN championship teams",Tristan H. Cockcroft,2018-12-31,https://www.espn.com/fantasy/football/story/_/id/25654815/fantasy-football-christian-mccaffrey-patrick-mahomes-nick-chubb-most-common-members-espn-championship-teams,high,
2018,Harrison Butker,K,KC,38,17.7,151.1,drafted,144.0,on_champion_roster_ranked_table,,No,,championship-roster percentage >=15%,percentage_threshold,"Christian McCaffrey, Patrick Mahomes and Nick Chubb among most common members of ESPN championship teams",Tristan H. Cockcroft,2018-12-31,https://www.espn.com/fantasy/football/story/_/id/25654815/fantasy-football-christian-mccaffrey-patrick-mahomes-nick-chubb-most-common-members-espn-championship-teams,high,"Position is D/ST or K -- outside this project's QB/RB/WR/TE scope, kept for provenance, not for matching against our master DB."
2018,Antonio Brown,WR,PIT,39,17.4,4.9,drafted,323.7,on_champion_roster_ranked_table,,No,,championship-roster percentage >=15%,percentage_threshold,"Christian McCaffrey, Patrick Mahomes and Nick Chubb among most common members of ESPN championship teams",Tristan H. Cockcroft,2018-12-31,https://www.espn.com/fantasy/football/story/_/id/25654815/fantasy-football-christian-mccaffrey-patrick-mahomes-nick-chubb-most-common-members-espn-championship-teams,high,
2018,Vikings D/ST,D/ST,MIN,40,17.3,99.9,drafted,125.0,on_champion_roster_ranked_table,,No,,championship-roster percentage >=15%,percentage_threshold,"Christian McCaffrey, Patrick Mahomes and Nick Chubb among most common members of ESPN championship teams",Tristan H. Cockcroft,2018-12-31,https://www.espn.com/fantasy/football/story/_/id/25654815/fantasy-football-christian-mccaffrey-patrick-mahomes-nick-chubb-most-common-members-espn-championship-teams,high,"Position is D/ST or K -- outside this project's QB/RB/WR/TE scope, kept for provenance, not for matching against our master DB."
2018,Keenan Allen,WR,LAC,41,17.2,16.9,drafted,260.1,on_champion_roster_ranked_table,,No,,championship-roster percentage >=15%,percentage_threshold,"Christian McCaffrey, Patrick Mahomes and Nick Chubb among most common members of ESPN championship teams",Tristan H. Cockcroft,2018-12-31,https://www.espn.com/fantasy/football/story/_/id/25654815/fantasy-football-christian-mccaffrey-patrick-mahomes-nick-chubb-most-common-members-espn-championship-teams,high,
2018,Todd Gurley II,RB,LAR,42,17.2,1.7,drafted,372.1,on_champion_roster_ranked_table,,No,,championship-roster percentage >=15%,percentage_threshold,"Christian McCaffrey, Patrick Mahomes and Nick Chubb among most common members of ESPN championship teams",Tristan H. Cockcroft,2018-12-31,https://www.espn.com/fantasy/football/story/_/id/25654815/fantasy-football-christian-mccaffrey-patrick-mahomes-nick-chubb-most-common-members-espn-championship-teams,high,
2018,Jared Cook,TE,OAK,43,17.0,132.1,drafted,193.6,on_champion_roster_ranked_table,,No,,championship-roster percentage >=15%,percentage_threshold,"Christian McCaffrey, Patrick Mahomes and Nick Chubb among most common members of ESPN championship teams",Tristan H. Cockcroft,2018-12-31,https://www.espn.com/fantasy/football/story/_/id/25654815/fantasy-football-christian-mccaffrey-patrick-mahomes-nick-chubb-most-common-members-espn-championship-teams,high,
2018,Stephen Gostkowski,K,NE,44,15.6,99.6,drafted,133.0,on_champion_roster_ranked_table,,No,,championship-roster percentage >=15%,percentage_threshold,"Christian McCaffrey, Patrick Mahomes and Nick Chubb among most common members of ESPN championship teams",Tristan H. Cockcroft,2018-12-31,https://www.espn.com/fantasy/football/story/_/id/25654815/fantasy-football-christian-mccaffrey-patrick-mahomes-nick-chubb-most-common-members-espn-championship-teams,high,"Position is D/ST or K -- outside this project's QB/RB/WR/TE scope, kept for provenance, not for matching against our master DB."
2018,Julio Jones,WR,ATL,45,15.5,9.4,drafted,325.9,on_champion_roster_ranked_table,,No,,championship-roster percentage >=15%,percentage_threshold,"Christian McCaffrey, Patrick Mahomes and Nick Chubb among most common members of ESPN championship teams",Tristan H. Cockcroft,2018-12-31,https://www.espn.com/fantasy/football/story/_/id/25654815/fantasy-football-christian-mccaffrey-patrick-mahomes-nick-chubb-most-common-members-espn-championship-teams,high,
2017,Todd Gurley II,RB,LAR,1,34.4,19.9,drafted,383.3,on_champion_roster_ranked_table,,No,,championship-roster percentage >=12.5%,percentage_threshold,"Todd Gurley, JuJu Smith-Schuster among most popular players on fantasy football champions",Tristan H. Cockcroft,2018-01-02,https://www.espn.com/fantasy/football/story/_/id/21941696/todd-gurley-juju-smith-schuster-most-popular-players-fantasy-football-champions,high,
2017,Alvin Kamara,RB,NO,2,24.1,,undrafted,320.4,on_champion_roster_ranked_table,,No,,championship-roster percentage >=12.5%,percentage_threshold,"Todd Gurley, JuJu Smith-Schuster among most popular players on fantasy football champions",Tristan H. Cockcroft,2018-01-02,https://www.espn.com/fantasy/football/story/_/id/21941696/todd-gurley-juju-smith-schuster-most-popular-players-fantasy-football-champions,high,
2017,JuJu Smith-Schuster,WR,PIT,3,23.8,,undrafted,197.7,on_champion_roster_ranked_table,,No,,championship-roster percentage >=12.5%,percentage_threshold,"Todd Gurley, JuJu Smith-Schuster among most popular players on fantasy football champions",Tristan H. Cockcroft,2018-01-02,https://www.espn.com/fantasy/football/story/_/id/21941696/todd-gurley-juju-smith-schuster-most-popular-players-fantasy-football-champions,high,
2017,Dion Lewis,RB,NE,4,21.4,,undrafted,203.0,on_champion_roster_ranked_table,,No,,championship-roster percentage >=12.5%,percentage_threshold,"Todd Gurley, JuJu Smith-Schuster among most popular players on fantasy football champions",Tristan H. Cockcroft,2018-01-02,https://www.espn.com/fantasy/football/story/_/id/21941696/todd-gurley-juju-smith-schuster-most-popular-players-fantasy-football-champions,high,
2017,Kareem Hunt,RB,KC,5,19.1,36.5,drafted,295.2,on_champion_roster_ranked_table,,No,,championship-roster percentage >=12.5%,percentage_threshold,"Todd Gurley, JuJu Smith-Schuster among most popular players on fantasy football champions",Tristan H. Cockcroft,2018-01-02,https://www.espn.com/fantasy/football/story/_/id/21941696/todd-gurley-juju-smith-schuster-most-popular-players-fantasy-football-champions,high,
2017,Kenyan Drake,RB,MIA,6,18.6,,undrafted,142.3,on_champion_roster_ranked_table,,No,,championship-roster percentage >=12.5%,percentage_threshold,"Todd Gurley, JuJu Smith-Schuster among most popular players on fantasy football champions",Tristan H. Cockcroft,2018-01-02,https://www.espn.com/fantasy/football/story/_/id/21941696/todd-gurley-juju-smith-schuster-most-popular-players-fantasy-football-champions,high,
2017,Josh Gordon,WR,CLE,7,18.4,,undrafted,57.5,on_champion_roster_ranked_table,,No,,championship-roster percentage >=12.5%,percentage_threshold,"Todd Gurley, JuJu Smith-Schuster among most popular players on fantasy football champions",Tristan H. Cockcroft,2018-01-02,https://www.espn.com/fantasy/football/story/_/id/21941696/todd-gurley-juju-smith-schuster-most-popular-players-fantasy-football-champions,high,
2017,Melvin Gordon,RB,LAC,8,17.9,14.1,drafted,288.1,on_champion_roster_ranked_table,,No,,championship-roster percentage >=12.5%,percentage_threshold,"Todd Gurley, JuJu Smith-Schuster among most popular players on fantasy football champions",Tristan H. Cockcroft,2018-01-02,https://www.espn.com/fantasy/football/story/_/id/21941696/todd-gurley-juju-smith-schuster-most-popular-players-fantasy-football-champions,high,
2017,Marquise Goodwin,WR,SF,9,16.8,,undrafted,168.6,on_champion_roster_ranked_table,,No,,championship-roster percentage >=12.5%,percentage_threshold,"Todd Gurley, JuJu Smith-Schuster among most popular players on fantasy football champions",Tristan H. Cockcroft,2018-01-02,https://www.espn.com/fantasy/football/story/_/id/21941696/todd-gurley-juju-smith-schuster-most-popular-players-fantasy-football-champions,high,
2017,Jamaal Williams,RB,GB,10,16.2,,undrafted,142.8,on_champion_roster_ranked_table,,No,,championship-roster percentage >=12.5%,percentage_threshold,"Todd Gurley, JuJu Smith-Schuster among most popular players on fantasy football champions",Tristan H. Cockcroft,2018-01-02,https://www.espn.com/fantasy/football/story/_/id/21941696/todd-gurley-juju-smith-schuster-most-popular-players-fantasy-football-champions,high,
2017,Jimmy Garoppolo,QB,SF,11,16.0,,undrafted,87.9,on_champion_roster_ranked_table,,No,,championship-roster percentage >=12.5%,percentage_threshold,"Todd Gurley, JuJu Smith-Schuster among most popular players on fantasy football champions",Tristan H. Cockcroft,2018-01-02,https://www.espn.com/fantasy/football/story/_/id/21941696/todd-gurley-juju-smith-schuster-most-popular-players-fantasy-football-champions,high,
2017,Alex Collins,RB,BAL,12,15.7,,undrafted,171.0,on_champion_roster_ranked_table,,No,,championship-roster percentage >=12.5%,percentage_threshold,"Todd Gurley, JuJu Smith-Schuster among most popular players on fantasy football champions",Tristan H. Cockcroft,2018-01-02,https://www.espn.com/fantasy/football/story/_/id/21941696/todd-gurley-juju-smith-schuster-most-popular-players-fantasy-football-champions,high,
2017,Ravens D/ST,D/ST,BAL,13,15.6,130.2,drafted,172.0,on_champion_roster_ranked_table,,No,,championship-roster percentage >=12.5%,percentage_threshold,"Todd Gurley, JuJu Smith-Schuster among most popular players on fantasy football champions",Tristan H. Cockcroft,2018-01-02,https://www.espn.com/fantasy/football/story/_/id/21941696/todd-gurley-juju-smith-schuster-most-popular-players-fantasy-football-champions,high,"Position is D/ST or K -- outside this project's QB/RB/WR/TE scope, kept for provenance, not for matching against our master DB."
2017,Greg Olsen,TE,CAR,14,15.3,45.6,drafted,42.1,on_champion_roster_ranked_table,,No,,championship-roster percentage >=12.5%,percentage_threshold,"Todd Gurley, JuJu Smith-Schuster among most popular players on fantasy football champions",Tristan H. Cockcroft,2018-01-02,https://www.espn.com/fantasy/football/story/_/id/21941696/todd-gurley-juju-smith-schuster-most-popular-players-fantasy-football-champions,high,
2017,Devin Funchess,WR,CAR,15,15.0,,undrafted,195.0,on_champion_roster_ranked_table,,No,,championship-roster percentage >=12.5%,percentage_threshold,"Todd Gurley, JuJu Smith-Schuster among most popular players on fantasy football champions",Tristan H. Cockcroft,2018-01-02,https://www.espn.com/fantasy/football/story/_/id/21941696/todd-gurley-juju-smith-schuster-most-popular-players-fantasy-football-champions,high,
2017,Le'Veon Bell,RB,PIT,16,14.8,2.1,drafted,341.6,on_champion_roster_ranked_table,,No,,championship-roster percentage >=12.5%,percentage_threshold,"Todd Gurley, JuJu Smith-Schuster among most popular players on fantasy football champions",Tristan H. Cockcroft,2018-01-02,https://www.espn.com/fantasy/football/story/_/id/21941696/todd-gurley-juju-smith-schuster-most-popular-players-fantasy-football-champions,high,
2017,Rob Gronkowski,TE,NE,17,13.7,19.9,drafted,227.4,on_champion_roster_ranked_table,,No,,championship-roster percentage >=12.5%,percentage_threshold,"Todd Gurley, JuJu Smith-Schuster among most popular players on fantasy football champions",Tristan H. Cockcroft,2018-01-02,https://www.espn.com/fantasy/football/story/_/id/21941696/todd-gurley-juju-smith-schuster-most-popular-players-fantasy-football-champions,high,
2017,DeAndre Hopkins,WR,HOU,18,13.6,32.6,drafted,309.8,on_champion_roster_ranked_table,,No,,championship-roster percentage >=12.5%,percentage_threshold,"Todd Gurley, JuJu Smith-Schuster among most popular players on fantasy football champions",Tristan H. Cockcroft,2018-01-02,https://www.espn.com/fantasy/football/story/_/id/21941696/todd-gurley-juju-smith-schuster-most-popular-players-fantasy-football-champions,high,
2017,Russell Wilson,QB,SEA,19,13.6,57.0,drafted,347.92,on_champion_roster_ranked_table,,No,,championship-roster percentage >=12.5%,percentage_threshold,"Todd Gurley, JuJu Smith-Schuster among most popular players on fantasy football champions",Tristan H. Cockcroft,2018-01-02,https://www.espn.com/fantasy/football/story/_/id/21941696/todd-gurley-juju-smith-schuster-most-popular-players-fantasy-football-champions,high,
2017,Ezekiel Elliott,RB,DAL,20,13.6,19.0,drafted,203.2,on_champion_roster_ranked_table,,No,,championship-roster percentage >=12.5%,percentage_threshold,"Todd Gurley, JuJu Smith-Schuster among most popular players on fantasy football champions",Tristan H. Cockcroft,2018-01-02,https://www.espn.com/fantasy/football/story/_/id/21941696/todd-gurley-juju-smith-schuster-most-popular-players-fantasy-football-champions,high,
2017,Jaguars D/ST,D/ST,JAX,21,13.6,143.8,drafted,208.0,on_champion_roster_ranked_table,,No,,championship-roster percentage >=12.5%,percentage_threshold,"Todd Gurley, JuJu Smith-Schuster among most popular players on fantasy football champions",Tristan H. Cockcroft,2018-01-02,https://www.espn.com/fantasy/football/story/_/id/21941696/todd-gurley-juju-smith-schuster-most-popular-players-fantasy-football-champions,high,"Position is D/ST or K -- outside this project's QB/RB/WR/TE scope, kept for provenance, not for matching against our master DB."
2017,Marvin Jones Jr.,WR,DET,22,13.6,130.2,drafted,225.1,on_champion_roster_ranked_table,,No,,championship-roster percentage >=12.5%,percentage_threshold,"Todd Gurley, JuJu Smith-Schuster among most popular players on fantasy football champions",Tristan H. Cockcroft,2018-01-02,https://www.espn.com/fantasy/football/story/_/id/21941696/todd-gurley-juju-smith-schuster-most-popular-players-fantasy-football-champions,high,
2017,Chris Boswell,K,PIT,23,13.4,149.7,drafted,156.0,on_champion_roster_ranked_table,,No,,championship-roster percentage >=12.5%,percentage_threshold,"Todd Gurley, JuJu Smith-Schuster among most popular players on fantasy football champions",Tristan H. Cockcroft,2018-01-02,https://www.espn.com/fantasy/football/story/_/id/21941696/todd-gurley-juju-smith-schuster-most-popular-players-fantasy-football-champions,high,"Position is D/ST or K -- outside this project's QB/RB/WR/TE scope, kept for provenance, not for matching against our master DB."
2017,Keenan Allen,WR,LAC,24,13.4,42.2,drafted,284.2,on_champion_roster_ranked_table,,No,,championship-roster percentage >=12.5%,percentage_threshold,"Todd Gurley, JuJu Smith-Schuster among most popular players on fantasy football champions",Tristan H. Cockcroft,2018-01-02,https://www.espn.com/fantasy/football/story/_/id/21941696/todd-gurley-juju-smith-schuster-most-popular-players-fantasy-football-champions,high,
2017,Tyreek Hill,WR,KC,25,13.3,58.0,drafted,245.2,on_champion_roster_ranked_table,,No,,championship-roster percentage >=12.5%,percentage_threshold,"Todd Gurley, JuJu Smith-Schuster among most popular players on fantasy football champions",Tristan H. Cockcroft,2018-01-02,https://www.espn.com/fantasy/football/story/_/id/21941696/todd-gurley-juju-smith-schuster-most-popular-players-fantasy-football-champions,high,
2017,Latavius Murray,RB,MIN,26,13.0,143.2,drafted,157.5,on_champion_roster_ranked_table,,No,,championship-roster percentage >=12.5%,percentage_threshold,"Todd Gurley, JuJu Smith-Schuster among most popular players on fantasy football champions",Tristan H. Cockcroft,2018-01-02,https://www.espn.com/fantasy/football/story/_/id/21941696/todd-gurley-juju-smith-schuster-most-popular-players-fantasy-football-champions,high,
2017,Derrick Henry,RB,TEN,27,13.0,132.6,drafted,135.0,on_champion_roster_ranked_table,,No,,championship-roster percentage >=12.5%,percentage_threshold,"Todd Gurley, JuJu Smith-Schuster among most popular players on fantasy football champions",Tristan H. Cockcroft,2018-01-02,https://www.espn.com/fantasy/football/story/_/id/21941696/todd-gurley-juju-smith-schuster-most-popular-players-fantasy-football-champions,high,
2017,Steelers D/ST,D/ST,PIT,28,13.0,126.2,drafted,135.0,on_champion_roster_ranked_table,,No,,championship-roster percentage >=12.5%,percentage_threshold,"Todd Gurley, JuJu Smith-Schuster among most popular players on fantasy football champions",Tristan H. Cockcroft,2018-01-02,https://www.espn.com/fantasy/football/story/_/id/21941696/todd-gurley-juju-smith-schuster-most-popular-players-fantasy-football-champions,high,"Position is D/ST or K -- outside this project's QB/RB/WR/TE scope, kept for provenance, not for matching against our master DB."
2017,Chargers D/ST,D/ST,LAC,29,12.8,147.9,drafted,145.0,on_champion_roster_ranked_table,,No,,championship-roster percentage >=12.5%,percentage_threshold,"Todd Gurley, JuJu Smith-Schuster among most popular players on fantasy football champions",Tristan H. Cockcroft,2018-01-02,https://www.espn.com/fantasy/football/story/_/id/21941696/todd-gurley-juju-smith-schuster-most-popular-players-fantasy-football-champions,high,"Position is D/ST or K -- outside this project's QB/RB/WR/TE scope, kept for provenance, not for matching against our master DB."
2017,Philip Rivers,QB,LAC,30,12.7,130.4,drafted,270.4,on_champion_roster_ranked_table,,No,,championship-roster percentage >=12.5%,percentage_threshold,"Todd Gurley, JuJu Smith-Schuster among most popular players on fantasy football champions",Tristan H. Cockcroft,2018-01-02,https://www.espn.com/fantasy/football/story/_/id/21941696/todd-gurley-juju-smith-schuster-most-popular-players-fantasy-football-champions,high,
2017,LeSean McCoy,RB,BUF,31,12.6,7.5,drafted,263.6,on_champion_roster_ranked_table,,No,,championship-roster percentage >=12.5%,percentage_threshold,"Todd Gurley, JuJu Smith-Schuster among most popular players on fantasy football champions",Tristan H. Cockcroft,2018-01-02,https://www.espn.com/fantasy/football/story/_/id/21941696/todd-gurley-juju-smith-schuster-most-popular-players-fantasy-football-champions,high,
2016,David Johnson,RB,ARI,1,23.6,,not_reported_this_year,,on_champion_roster_ranked_table,,No,,Top 10,fixed_rank_cap,"Packers, waiver-wire stars among most popular players for fantasy champions",Tom Carpenter,2017-01-02,https://cdn.espn.com/fantasy/football/story/_/id/18393889/david-johnson-leveon-bell-davante-adams-most-owned-champions,high,
2016,Le'Veon Bell,RB,PIT,2,23.0,,not_reported_this_year,,on_champion_roster_ranked_table,,No,,Top 10,fixed_rank_cap,"Packers, waiver-wire stars among most popular players for fantasy champions",Tom Carpenter,2017-01-02,https://cdn.espn.com/fantasy/football/story/_/id/18393889/david-johnson-leveon-bell-davante-adams-most-owned-champions,high,
2016,Matt Ryan,QB,ATL,3,22.0,,not_reported_this_year,,on_champion_roster_ranked_table,,No,,Top 10,fixed_rank_cap,"Packers, waiver-wire stars among most popular players for fantasy champions",Tom Carpenter,2017-01-02,https://cdn.espn.com/fantasy/football/story/_/id/18393889/david-johnson-leveon-bell-davante-adams-most-owned-champions,high,
2016,Davante Adams,WR,GB,4,21.2,,not_reported_this_year,,on_champion_roster_ranked_table,,No,,Top 10,fixed_rank_cap,"Packers, waiver-wire stars among most popular players for fantasy champions",Tom Carpenter,2017-01-02,https://cdn.espn.com/fantasy/football/story/_/id/18393889/david-johnson-leveon-bell-davante-adams-most-owned-champions,high,
2016,Matt Bryant,K,ATL,5,20.5,,not_reported_this_year,,on_champion_roster_ranked_table,,No,,Top 10,fixed_rank_cap,"Packers, waiver-wire stars among most popular players for fantasy champions",Tom Carpenter,2017-01-02,https://cdn.espn.com/fantasy/football/story/_/id/18393889/david-johnson-leveon-bell-davante-adams-most-owned-champions,high,"Position is D/ST or K -- outside this project's QB/RB/WR/TE scope, kept for provenance, not for matching against our master DB."
2016,Ty Montgomery,RB,GB,6,20.4,,not_reported_this_year,,on_champion_roster_ranked_table,listed as RB/WR in source,No,listed as RB/WR in source,Top 10,fixed_rank_cap,"Packers, waiver-wire stars among most popular players for fantasy champions",Tom Carpenter,2017-01-02,https://cdn.espn.com/fantasy/football/story/_/id/18393889/david-johnson-leveon-bell-davante-adams-most-owned-champions,high,
2016,Jordan Howard,RB,CHI,7,20.2,,not_reported_this_year,,on_champion_roster_ranked_table,,No,,Top 10,fixed_rank_cap,"Packers, waiver-wire stars among most popular players for fantasy champions",Tom Carpenter,2017-01-02,https://cdn.espn.com/fantasy/football/story/_/id/18393889/david-johnson-leveon-bell-davante-adams-most-owned-champions,high,
2016,LeSean McCoy,RB,BUF,8,19.8,,not_reported_this_year,,on_champion_roster_ranked_table,,No,,Top 10,fixed_rank_cap,"Packers, waiver-wire stars among most popular players for fantasy champions",Tom Carpenter,2017-01-02,https://cdn.espn.com/fantasy/football/story/_/id/18393889/david-johnson-leveon-bell-davante-adams-most-owned-champions,high,
2016,Aaron Rodgers,QB,GB,9,18.1,,not_reported_this_year,,on_champion_roster_ranked_table,,No,,Top 10,fixed_rank_cap,"Packers, waiver-wire stars among most popular players for fantasy champions",Tom Carpenter,2017-01-02,https://cdn.espn.com/fantasy/football/story/_/id/18393889/david-johnson-leveon-bell-davante-adams-most-owned-champions,high,
2016,Robert Kelley,RB,WAS,10,18.0,,not_reported_this_year,,on_champion_roster_ranked_table,,No,,Top 10,fixed_rank_cap,"Packers, waiver-wire stars among most popular players for fantasy champions",Tom Carpenter,2017-01-02,https://cdn.espn.com/fantasy/football/story/_/id/18393889/david-johnson-leveon-bell-davante-adams-most-owned-champions,high,
2015,Tim Hightower,RB,NO,1,33.6,,not_reported_this_year,,on_champion_roster_ranked_table,,No,,Top 10,fixed_rank_cap,Tim Hightower easily most popular player on fantasy champions,Keith Lipscomb,2016-01-04,https://www.espn.com/fantasy/football/story/_/id/14502773/tim-hightower-david-johnson-doug-baldwin-most-common-players-championship-winning-rosters,high,
2015,David Johnson,RB,ARI,2,25.5,,not_reported_this_year,,on_champion_roster_ranked_table,,No,,Top 10,fixed_rank_cap,Tim Hightower easily most popular player on fantasy champions,Keith Lipscomb,2016-01-04,https://www.espn.com/fantasy/football/story/_/id/14502773/tim-hightower-david-johnson-doug-baldwin-most-common-players-championship-winning-rosters,high,
2015,Doug Baldwin,WR,SEA,3,24.3,,not_reported_this_year,,on_champion_roster_ranked_table,,No,,Top 10,fixed_rank_cap,Tim Hightower easily most popular player on fantasy champions,Keith Lipscomb,2016-01-04,https://www.espn.com/fantasy/football/story/_/id/14502773/tim-hightower-david-johnson-doug-baldwin-most-common-players-championship-winning-rosters,high,
2015,Jordan Reed,TE,WAS,4,23.4,,not_reported_this_year,,on_champion_roster_ranked_table,,No,,Top 10,fixed_rank_cap,Tim Hightower easily most popular player on fantasy champions,Keith Lipscomb,2016-01-04,https://www.espn.com/fantasy/football/story/_/id/14502773/tim-hightower-david-johnson-doug-baldwin-most-common-players-championship-winning-rosters,high,
2015,Charcandrick West,RB,KC,5,21.4,,not_reported_this_year,,on_champion_roster_ranked_table,,No,,Top 10,fixed_rank_cap,Tim Hightower easily most popular player on fantasy champions,Keith Lipscomb,2016-01-04,https://www.espn.com/fantasy/football/story/_/id/14502773/tim-hightower-david-johnson-doug-baldwin-most-common-players-championship-winning-rosters,high,
2015,Gary Barnidge,TE,CLE,6,21.4,,not_reported_this_year,,on_champion_roster_ranked_table,,No,,Top 10,fixed_rank_cap,Tim Hightower easily most popular player on fantasy champions,Keith Lipscomb,2016-01-04,https://www.espn.com/fantasy/football/story/_/id/14502773/tim-hightower-david-johnson-doug-baldwin-most-common-players-championship-winning-rosters,high,
2015,Chiefs D/ST,D/ST,KC,7,20.4,,not_reported_this_year,,on_champion_roster_ranked_table,,No,,Top 10,fixed_rank_cap,Tim Hightower easily most popular player on fantasy champions,Keith Lipscomb,2016-01-04,https://www.espn.com/fantasy/football/story/_/id/14502773/tim-hightower-david-johnson-doug-baldwin-most-common-players-championship-winning-rosters,high,"Position is D/ST or K -- outside this project's QB/RB/WR/TE scope, kept for provenance, not for matching against our master DB."
2015,Julio Jones,WR,ATL,8,20.1,,not_reported_this_year,,on_champion_roster_ranked_table,,No,,Top 10,fixed_rank_cap,Tim Hightower easily most popular player on fantasy champions,Keith Lipscomb,2016-01-04,https://www.espn.com/fantasy/football/story/_/id/14502773/tim-hightower-david-johnson-doug-baldwin-most-common-players-championship-winning-rosters,high,
2015,Brandon Marshall,WR,NYJ,9,19.7,,not_reported_this_year,,on_champion_roster_ranked_table,,No,,Top 10,fixed_rank_cap,Tim Hightower easily most popular player on fantasy champions,Keith Lipscomb,2016-01-04,https://www.espn.com/fantasy/football/story/_/id/14502773/tim-hightower-david-johnson-doug-baldwin-most-common-players-championship-winning-rosters,high,
2015,Cam Newton,QB,CAR,10,19.6,,not_reported_this_year,,on_champion_roster_ranked_table,,No,,Top 10,fixed_rank_cap,Tim Hightower easily most popular player on fantasy champions,Keith Lipscomb,2016-01-04,https://www.espn.com/fantasy/football/story/_/id/14502773/tim-hightower-david-johnson-doug-baldwin-most-common-players-championship-winning-rosters,high,
